,Standardized SMILES,Check AD,1,3,4,5,7,8,9,10,13,14,16,38,39,40,41,42,43,44,46,47,49,50
0,O=S(=O)([O-])[O-].[Mg+2],True,0.14,0.01,0.05,0.07,0.01,0.09,0.02,0.87,0.01,0.88,0.02,0.85,0.23,0.12,0.02,0.01,0.13,0.11,0.1,0.2,0.03,0.02
1,CCOC(=O)CC(O)(CC(=O)OCC)C(=O)OCC,True,0.14,0.03,0.11,0.03,0.03,0.43,0.12,0.87,0.01,0.72,0.02,0.18,0.09,0.24,0.02,0.01,0.05,0.08,0.71,0.01,0.02,0.01
2,C[S+](C)[O-],True,0.02,0.0,0.0,0.0,0.0,0.0,0.0,0.01,0.0,0.06,0.0,0.65,0.0,0.0,0.0,0.0,0.0,0.0,0.01,0.0,0.0,0.0
3,CC(C)(C#N)OC1OC(CO)C(O)C(O)C1O,True,0.04,0.0,0.02,0.0,0.01,0.01,0.0,0.42,0.0,0.55,0.03,0.06,0.02,0.0,0.0,0.0,0.02,0.0,0.05,0.0,0.0,0.0
4,O=c1c(O)c(-c2ccc(O)c(O)c2)oc2cc(O)cc(O)c12,True,0.35,0.11,0.84,0.9,0.66,0.39,0.17,0.55,0.21,1.0,0.45,0.37,1.0,0.36,0.25,0.24,0.93,0.54,0.28,0.61,0.54,0.42
5,C=CCC1(C(C)CCC)C(=O)NC(=O)NC1=O,True,0.53,0.01,0.53,0.04,0.13,0.77,0.04,0.96,0.05,0.78,0.08,0.45,0.11,0.04,0.54,0.02,0.08,0.11,0.95,0.05,0.03,0.03
6,Cn1c(=O)c2[nH]cnc2n(C)c1=O,True,0.02,0.0,0.08,0.05,0.08,0.06,0.01,0.47,0.01,0.95,0.03,0.03,0.04,0.01,0.01,0.01,0.82,0.02,0.56,0.16,0.1,0.07
7,Cc1ncc(C[n+]2csc(CCO)c2C)c(N)n1,True,0.39,0.0,0.85,0.02,0.11,0.05,0.01,0.89,0.01,0.08,0.04,0.9,0.2,0.03,0.01,0.01,0.04,0.03,0.94,0.03,0.02,0.01
8,CCCC(=O)OCC(COC(=O)CCC)OC(=O)CCC,True,0.07,0.0,0.03,0.01,0.01,0.01,0.0,0.15,0.01,0.73,0.01,0.16,0.17,0.08,0.01,0.0,0.03,0.02,0.55,0.01,0.01,0.01
9,CC(CCC(=O)O)C1CCC2C3C(O)CC4CC(O)CCC4(C)C3CCC12C,False,0.02,0.0,0.03,0.0,0.01,0.01,0.0,0.22,0.0,0.33,0.0,0.01,0.0,0.01,0.0,0.0,0.01,0.0,0.94,0.02,0.0,0.0
10,CCOc1ccc2nccc(C(O)C3CC4CCN3CC4CC)c2c1,True,0.07,0.03,0.76,0.04,0.53,0.13,0.04,0.98,0.29,0.93,0.14,0.09,0.39,0.24,0.03,0.02,0.4,0.14,0.99,0.2,0.04,0.04
11,CC(CCC(=O)O)C1CCC2C3C(O)CC4CC(O)CCC4(C)C3CCC12C,False,0.02,0.0,0.03,0.0,0.01,0.01,0.0,0.22,0.0,0.33,0.0,0.01,0.0,0.01,0.0,0.0,0.01,0.0,0.94,0.02,0.0,0.0
12,CCN(CC)CCCC(C)Nc1ccnc2cc(Cl)ccc12,True,0.05,0.88,0.56,0.03,0.14,0.02,0.06,0.96,0.03,0.92,0.05,0.08,0.91,0.09,0.02,0.01,0.1,0.07,0.74,0.04,0.05,0.03
13,O=[N+]([O-])c1cccc2ccccc12,True,0.02,0.0,0.1,0.3,0.02,0.05,0.01,0.22,0.01,0.99,0.04,0.03,0.44,0.02,0.01,0.01,0.28,0.04,0.33,0.04,0.08,0.02
14,NC(Cc1cnc[nH]1)C(=O)O,True,0.09,0.0,0.02,0.0,0.02,0.01,0.0,0.08,0.0,0.01,0.01,0.07,0.08,0.0,0.0,0.0,0.02,0.0,0.02,0.01,0.0,0.0
15,CCC(=O)OCC(COC(=O)CC)OC(=O)CC,True,0.09,0.0,0.01,0.01,0.01,0.02,0.0,0.49,0.0,0.76,0.01,0.08,0.07,0.04,0.0,0.0,0.02,0.01,0.24,0.22,0.0,0.02
16,CC12CCC(C1)C(C)(C)C2=O,True,0.01,0.0,0.26,0.0,0.01,0.01,0.0,0.79,0.0,0.93,0.0,0.01,0.0,0.0,0.0,0.0,0.05,0.0,0.25,0.22,0.0,0.05
17,O=c1c(-c2ccc(O)cc2)coc2cc(O)ccc12,True,0.21,0.02,0.36,0.35,0.11,0.17,0.03,0.82,0.05,0.99,0.17,0.15,0.99,0.08,0.05,0.04,0.39,0.07,0.36,0.21,0.27,0.09
18,COc1cc(O)c2c(=O)c(-c3ccc(O)cc3)coc2c1,True,0.04,0.01,0.12,0.09,0.06,0.04,0.01,0.3,0.01,0.96,0.04,0.03,0.97,0.03,0.07,0.01,0.14,0.19,0.18,0.04,0.12,0.03
19,O=c1cc(-c2ccc(O)cc2)oc2cc(O)cc(O)c12,True,0.02,0.0,0.01,0.03,0.01,0.02,0.0,0.02,0.0,0.89,0.01,0.0,0.96,0.01,0.01,0.0,0.02,0.02,0.02,0.01,0.02,0.0
20,O=c1c(O)c(-c2ccc(O)c(O)c2)oc2cc(O)ccc12,True,0.31,0.07,0.8,0.81,0.35,0.41,0.1,0.28,0.13,1.0,0.71,0.16,1.0,0.21,0.15,0.15,0.97,0.38,0.23,0.69,0.48,0.43
21,O=C(C=Cc1ccc(O)c(O)c1)c1ccc(O)cc1O,True,0.13,0.01,0.37,0.55,0.06,0.1,0.01,0.07,0.02,0.99,0.11,0.05,0.97,0.06,0.03,0.02,0.35,0.04,0.32,0.1,0.14,0.04
22,O=C(C=Cc1cccc(O)c1)c1ccccc1O,True,0.02,0.0,0.19,0.05,0.02,0.05,0.01,0.89,0.01,0.98,0.04,0.03,0.87,0.03,0.01,0.01,0.18,0.02,0.38,0.04,0.05,0.03
23,CCCC(=O)NC1CCOC1=O,True,0.13,0.0,0.08,0.01,0.02,0.01,0.01,0.58,0.01,0.3,0.02,0.15,0.11,0.02,0.01,0.0,0.06,0.01,0.09,0.02,0.01,0.01
24,CCCCC1C(=O)N(c2ccccc2)N(c2ccccc2)C1=O,True,0.22,0.01,0.14,0.01,0.09,0.07,0.0,0.15,0.04,0.8,0.01,0.01,0.03,0.02,0.01,0.0,0.14,0.01,0.35,0.02,0.01,0.01
25,Cl[Ca]Cl,False,0.09,0.0,0.01,0.03,0.02,0.01,0.0,0.34,0.01,0.6,0.02,0.97,0.04,0.05,0.01,0.0,0.04,0.04,0.1,0.01,0.01,0.01
26,Cl[Mg]Cl,False,0.09,0.0,0.01,0.03,0.02,0.01,0.0,0.34,0.01,0.6,0.02,0.97,0.04,0.05,0.01,0.0,0.04,0.04,0.1,0.01,0.01,0.01
27,OCCc1c[nH]c2ccccc12,True,0.08,0.0,0.15,0.04,0.06,0.07,0.01,0.45,0.02,0.95,0.05,0.2,0.29,0.12,0.02,0.01,0.54,0.04,0.76,0.06,0.06,0.05
28,C=C1C(=O)OC2C3C(CO)=CC(=O)C3=C(C)CC(O)C12,True,0.1,0.0,0.05,0.01,0.02,0.08,0.0,0.42,0.0,0.23,0.01,0.01,0.04,0.01,0.0,0.0,0.53,0.01,0.9,0.02,0.01,0.01
29,C=C1C(=O)OC2C3C(CO)=CC(=O)C3=C(C)CC(OC(=O)Cc3ccc(O)cc3)C12,True,0.06,0.0,0.15,0.03,0.03,0.04,0.0,0.31,0.01,0.46,0.01,0.01,0.14,0.01,0.01,0.0,0.46,0.01,0.92,0.22,0.01,0.01
30,CC1=C2C(=O)C=C(CO)C2C2OC(=O)C(C)C2C(O)C1,True,0.18,0.0,0.04,0.0,0.02,0.04,0.0,0.44,0.0,0.18,0.01,0.01,0.02,0.01,0.0,0.0,0.59,0.01,0.99,0.02,0.01,0.01
31,Cn1c(=O)c2c(n(C)c1=O)n(C)c(=O)n2C,True,0.03,0.0,0.05,0.02,0.19,0.1,0.0,0.8,0.0,0.71,0.01,0.01,0.01,0.01,0.0,0.0,0.68,0.01,0.82,0.08,0.01,0.11
32,COc1cc(C=CC(=O)O)cc(OC)c1O,True,0.03,0.0,0.04,0.02,0.02,0.06,0.0,0.24,0.0,0.89,0.02,0.02,0.05,0.01,0.0,0.0,0.07,0.01,0.36,0.03,0.02,0.01
33,O=C(O)C=Cc1ccc(O)c(O)c1,True,0.02,0.0,0.08,0.09,0.01,0.02,0.0,0.06,0.0,0.59,0.01,0.01,0.34,0.01,0.0,0.0,0.13,0.01,0.11,0.02,0.03,0.01
34,Cl[Mn]Cl,False,0.09,0.0,0.01,0.03,0.02,0.01,0.0,0.34,0.01,0.6,0.02,0.97,0.04,0.05,0.01,0.0,0.04,0.04,0.1,0.01,0.01,0.01
35,O=S(=O)([O-])[O-].[Fe+2],True,0.13,0.01,0.05,0.07,0.01,0.08,0.01,0.87,0.01,0.87,0.02,0.84,0.17,0.11,0.02,0.01,0.12,0.09,0.11,0.18,0.03,0.02
36,C[C@@]12CC(=O)c3occc3[C@H]1CC[C@@]13C[C@@H](C[C@H](O[C@@H]4O[C@H](CO)[C@@H](O)[C@H](O)[C@H]4O)[C@H]12)[C@@H](C=O)C3,True,0.02,0.0,0.03,0.01,0.01,0.03,0.0,0.03,0.0,0.1,0.02,0.01,0.01,0.01,0.01,0.0,0.84,0.01,0.89,0.01,0.0,0.01
37,C[C@@]12CC(=O)c3occc3[C@H]1CC[C@]13C=C(CO)[C@H](C[C@H](O[C@@H]4O[C@H](CO)[C@@H](O)[C@H](O)[C@H]4O)[C@H]12)C3,True,0.03,0.0,0.03,0.01,0.02,0.05,0.0,0.02,0.0,0.12,0.21,0.01,0.01,0.01,0.0,0.0,0.73,0.01,0.86,0.01,0.0,0.01
38,C[C@@]12CC(=O)c3occc3[C@H]1CC[C@@]13C[C@@H](C[C@H](O[C@@H]4O[C@H](CO)[C@@H](O)[C@H](O)[C@H]4O)[C@H]12)[C@H](C=O)C3,True,0.02,0.0,0.03,0.01,0.01,0.03,0.0,0.03,0.0,0.1,0.02,0.01,0.01,0.01,0.01,0.0,0.84,0.01,0.89,0.01,0.0,0.01
39,C[C@@]12CC(=O)c3occc3[C@H]1CC[C@@]13C[C@@H](C[C@H](O)[C@H]12)[C@@](O)(CO)C3,True,0.03,0.0,0.02,0.0,0.01,0.01,0.0,0.03,0.0,0.03,0.0,0.01,0.0,0.01,0.0,0.0,0.22,0.0,0.83,0.01,0.0,0.0
40,C[C@@]12CC(=O)c3occc3[C@H]1CC[C@@]13C[C@@H](C[C@H](O)[C@H]12)[C@@](O)(CO[C@@H]1O[C@H](CO)[C@@H](O)[C@H](O)[C@H]1O)C3,True,0.02,0.0,0.03,0.01,0.01,0.03,0.0,0.01,0.0,0.03,0.01,0.01,0.0,0.0,0.0,0.0,0.86,0.0,0.87,0.01,0.0,0.01
41,CC(CCC(=O)NCCS(=O)(=O)O)C1CCC2C3CCC4CC(O)CCC4(C)C3CCC12C,True,0.01,0.0,0.05,0.0,0.01,0.01,0.0,0.79,0.0,0.38,0.0,0.01,0.0,0.0,0.0,0.0,0.01,0.0,0.96,0.03,0.0,0.0
42,COC(=O)C1C(O)CCC2CN3CCc4c([nH]c5ccccc45)C3CC21,True,0.96,0.06,0.85,0.31,0.6,0.45,0.1,0.96,0.22,0.13,0.29,0.47,0.83,0.87,0.17,0.11,0.8,0.27,1.0,0.76,0.25,0.29
43,c1ccc(-c2ccccn2)nc1,True,0.01,0.01,0.03,0.05,0.06,0.05,0.01,0.3,0.04,0.99,0.08,0.02,0.02,0.08,0.01,0.0,0.45,0.02,0.18,0.02,0.01,0.01
44,c1cnc2c(c1)ccc1ncccc12,True,0.02,0.01,0.07,0.58,0.03,0.03,0.01,0.92,0.01,1.0,0.06,0.04,0.1,0.06,0.02,0.01,0.8,0.18,0.19,0.03,0.14,0.04
45,c1cnc2ccc3ncccc3c2c1,True,0.05,0.01,0.11,0.83,0.12,0.08,0.02,0.92,0.12,1.0,0.04,0.05,0.09,0.17,0.03,0.02,0.77,0.08,0.22,0.05,0.16,0.03
46,Cc1ccc2ccc3ccc(C)nc3c2n1,True,0.09,0.0,0.04,0.1,0.05,0.02,0.01,0.9,0.01,0.99,0.04,0.06,0.24,0.16,0.01,0.01,0.68,0.06,0.55,0.03,0.05,0.02
47,Cc1ccnc2c1ccc1c(C)ccnc12,True,0.03,0.0,0.03,0.04,0.02,0.02,0.0,0.87,0.0,0.93,0.06,0.02,0.08,0.03,0.01,0.0,0.7,0.01,0.61,0.02,0.02,0.01
48,Cc1c(C)c2cccnc2c2ncccc12,True,0.01,0.0,0.04,0.1,0.02,0.01,0.0,0.73,0.0,0.95,0.14,0.01,0.01,0.04,0.0,0.0,0.53,0.01,0.63,0.01,0.01,0.01
49,O=C1C(=O)c2cccnc2-c2ncccc21,True,0.02,0.01,0.03,0.82,0.06,0.03,0.01,0.86,0.02,0.98,0.34,0.03,0.09,0.14,0.03,0.01,0.47,0.12,0.47,0.02,0.27,0.02
50,Nc1cc2cccnc2c2ncccc12,True,0.05,0.01,0.21,0.19,0.08,0.09,0.01,0.49,0.02,0.99,0.06,0.11,0.31,0.08,0.02,0.02,0.51,0.07,0.66,0.07,0.16,0.04
51,Brc1cc2cccnc2c2ncccc12,True,0.08,0.02,0.39,0.65,0.12,0.14,0.02,0.98,0.06,0.99,0.62,0.19,0.24,0.07,0.09,0.03,0.74,0.39,0.57,0.09,0.15,0.08
52,Clc1cc2cccnc2c2ncccc12,True,0.09,0.04,0.36,0.79,0.23,0.19,0.04,0.98,0.1,0.99,0.72,0.16,0.3,0.12,0.13,0.05,0.81,0.5,0.74,0.15,0.23,0.13
53,Cc1cc2cccnc2c2ncccc12,True,0.02,0.0,0.04,0.13,0.03,0.04,0.0,0.85,0.01,0.98,0.09,0.03,0.08,0.05,0.01,0.01,0.82,0.03,0.65,0.03,0.04,0.02
54,O=[N+]([O-])c1cc2cccnc2c2ncccc12,True,0.04,0.0,0.07,0.15,0.04,0.09,0.0,0.3,0.01,0.84,0.02,0.01,0.1,0.01,0.01,0.01,0.2,0.18,0.02,0.02,0.06,0.01
55,c1cnc2c(c1)c1nccnc1c1cccnc12,True,0.02,0.01,0.03,0.28,0.06,0.03,0.01,0.8,0.01,0.94,0.06,0.04,0.04,0.13,0.02,0.01,0.47,0.09,0.72,0.02,0.07,0.02
56,COc1c(OC)c2cccnc2c2ncccc12,True,0.0,0.0,0.0,0.02,0.01,0.0,0.0,0.33,0.0,0.69,0.04,0.0,0.0,0.01,0.0,0.0,0.03,0.0,0.37,0.0,0.0,0.0
57,CCc1c(CC)c2cccnc2c2ncccc12,True,0.01,0.01,0.05,0.01,0.01,0.0,0.01,0.69,0.0,0.61,0.06,0.01,0.01,0.01,0.0,0.0,0.18,0.0,0.57,0.0,0.0,0.0
58,C=C(C)c1c(C(=C)C)c2cccnc2c2ncccc12,True,0.04,0.0,0.04,0.03,0.02,0.02,0.0,0.64,0.0,0.91,0.01,0.02,0.05,0.07,0.01,0.0,0.43,0.01,0.86,0.02,0.02,0.01
59,O=C1C(=O)c2ccccc2-c2ccccc21,True,0.01,0.0,0.01,0.67,0.02,0.02,0.0,0.91,0.01,0.99,0.14,0.01,0.04,0.06,0.01,0.01,0.5,0.08,0.19,0.02,0.05,0.01
60,Cc1ccnc(-c2cc(C)ccn2)c1,True,0.06,0.0,0.03,0.0,0.02,0.01,0.0,0.19,0.03,0.99,0.01,0.1,0.05,0.04,0.0,0.0,0.14,0.0,0.06,0.03,0.01,0.01
61,CC(C)CC(NC(=O)C(Cc1ccc(O)cc1)NC(=O)C(CCC(N)=O)NC(=O)C1CCCN1C(=O)C(CC(C)C)NC(=O)C(C)NC(=O)C(N)Cc1ccccc1)C(=O)NC(CCCCN)C(=O)O,True,0.96,0.61,0.97,0.66,0.97,0.96,0.68,1.0,0.92,0.54,0.52,0.62,0.96,0.85,0.53,0.36,0.62,0.6,0.97,0.97,0.54,0.64
62,CCC(C)C(NC(=O)C1CCCN1C(=O)CNC(=O)C1CCCN1C(=O)C(Cc1ccccc1)NC(=O)C1CCCN1C(=O)C(Cc1ccc(O)cc1)NC(=O)C(NC(=O)C(N)CC(C)C)C(C)C)C(=O)NC(Cc1cnc[nH]1)C(=O)NC(CC(N)=O)C(=O)O,True,0.84,0.49,0.9,0.39,0.95,0.93,0.53,0.95,0.28,0.5,0.28,0.4,0.72,0.69,0.22,0.18,0.41,0.29,0.96,0.83,0.31,0.43
63,CCC(C)C(NC(=O)C1CCCN1C(=O)CNC(=O)C1CCCN1C(=O)C(Cc1ccccc1)NC(=O)C1CCCN1C(=O)C(N)Cc1ccc(O)cc1)C(=O)NC(Cc1cnc[nH]1)C(=O)NC(CC(N)=O)C(=O)NC(CO)C(=O)O,True,0.49,0.1,0.38,0.13,0.83,0.86,0.16,0.84,0.04,0.17,0.05,0.18,0.16,0.22,0.04,0.02,0.14,0.1,0.88,0.45,0.07,0.12
64,CCC(C)C(N)C(=O)NC(Cc1ccccc1)C(=O)O,True,0.93,0.03,0.94,0.04,0.33,0.29,0.05,0.47,0.27,0.1,0.12,0.13,0.74,0.06,0.03,0.02,0.08,0.05,0.12,0.34,0.03,0.05
65,CCC(C)C(NC(=O)C(N)Cc1ccccc1)C(=O)O,True,0.83,0.01,0.83,0.02,0.08,0.67,0.02,0.31,0.13,0.2,0.05,0.05,0.11,0.03,0.02,0.01,0.04,0.02,0.12,0.11,0.02,0.02
66,CC(C)CC(NC(=O)C(CC(C)C)NC(=O)CN)C(=O)O,True,0.59,0.0,0.07,0.0,0.01,0.19,0.01,0.45,0.0,0.04,0.02,0.13,0.04,0.1,0.0,0.0,0.01,0.0,0.09,0.02,0.0,0.01
67,O=C(O)c1cc(=O)c2c(OCC(O)COc3cccc4oc(C(=O)O)cc(=O)c34)cccc2o1,True,0.05,0.01,0.23,0.13,0.53,0.03,0.01,0.09,0.01,0.32,0.02,0.02,0.06,0.02,0.01,0.01,0.45,0.12,0.11,0.06,0.83,0.02
68,O=C(O)c1ccccc1Nc1cccc(OC(F)(F)F)c1,True,0.05,0.0,0.12,0.14,0.03,0.16,0.01,0.02,0.01,0.97,0.04,0.04,0.64,0.02,0.02,0.01,0.29,0.03,0.03,0.03,0.04,0.01
69,FC(F)(F)Oc1cccc(Nc2ccccc2-c2nnn[nH]2)c1,True,0.19,0.01,0.27,0.63,0.16,0.29,0.03,0.05,0.03,0.99,0.12,0.19,0.89,0.07,0.08,0.04,0.61,0.1,0.07,0.16,0.16,0.05
70,FS(F)(F)(F)(F)c1cccc(Nc2ccccc2-c2nnn[nH]2)c1,True,0.39,0.01,0.3,0.21,0.14,0.25,0.01,0.13,0.02,0.84,0.07,0.09,0.53,0.11,0.02,0.01,0.62,0.03,0.32,0.67,0.05,0.25
71,Clc1cccc(Nc2ccccc2-c2nnn[nH]2)c1,True,0.11,0.03,0.87,0.21,0.27,0.19,0.04,0.09,0.29,0.99,0.18,0.32,0.95,0.06,0.04,0.04,0.36,0.08,0.04,0.22,0.08,0.05
72,O=C(O)c1ccccc1Nc1ccc(Cl)c(C(F)(F)F)c1,True,0.02,0.0,0.08,0.32,0.01,0.02,0.0,0.01,0.0,0.9,0.02,0.01,0.53,0.01,0.0,0.0,0.11,0.03,0.0,0.08,0.01,0.06
73,COc1cc(Nc2ccccc2C(=O)O)cc(C(F)(F)F)c1,True,0.27,0.0,0.1,0.22,0.03,0.17,0.0,0.01,0.0,0.93,0.02,0.02,0.42,0.01,0.01,0.0,0.17,0.01,0.01,0.56,0.02,0.07
74,FC(F)Oc1cccc(Nc2ccccc2-c2nnn[nH]2)c1,True,0.1,0.01,0.3,0.42,0.09,0.23,0.01,0.03,0.01,0.96,0.07,0.16,0.76,0.03,0.04,0.02,0.24,0.04,0.03,0.05,0.06,0.02
75,FC(F)(F)c1cc(Nc2ccccc2-c2nnn[nH]2)ccc1Cl,True,0.07,0.0,0.38,0.56,0.08,0.08,0.01,0.11,0.01,0.95,0.12,0.06,0.95,0.05,0.02,0.01,0.36,0.09,0.03,0.37,0.07,0.27
76,COc1cc(Nc2ccccc2-c2nnn[nH]2)cc(C(F)(F)F)c1,True,0.28,0.01,0.45,0.88,0.27,0.27,0.03,0.08,0.04,0.99,0.12,0.14,0.91,0.13,0.06,0.05,0.8,0.09,0.03,0.72,0.2,0.38
77,Cc1c(Nc2ccccc2-c2nnn[nH]2)cccc1C(F)(F)F,True,0.11,0.01,0.7,0.81,0.22,0.22,0.02,0.14,0.03,0.98,0.08,0.07,0.94,0.12,0.03,0.02,0.54,0.05,0.07,0.47,0.11,0.52
78,O=C(O)c1ccccc1Nc1ccc(N2CCOCC2)c(C(F)(F)F)c1,True,0.14,0.0,0.05,0.08,0.14,0.31,0.01,0.04,0.01,0.73,0.02,0.04,0.12,0.01,0.02,0.0,0.12,0.01,0.12,0.04,0.01,0.01
79,O=C(O)c1ccccc1Nc1cc(OC2CC2)cc(C(F)(F)F)c1,True,0.25,0.01,0.15,0.5,0.1,0.33,0.01,0.02,0.02,0.94,0.06,0.04,0.24,0.03,0.05,0.01,0.41,0.14,0.03,0.52,0.1,0.06
80,O=C1COc2c(cc(C(F)(F)F)cc2Nc2ccccc2C(=O)O)N1,True,0.63,0.06,0.72,0.89,0.69,0.5,0.1,0.45,0.16,0.98,0.44,0.33,0.99,0.24,0.14,0.16,0.9,0.27,0.23,0.95,0.4,0.78
81,O=C(O)c1ccccc1Nc1cc(OCc2ccccc2)cc(C(F)(F)F)c1,True,0.09,0.0,0.38,0.59,0.12,0.09,0.01,0.03,0.01,0.96,0.04,0.03,0.84,0.05,0.02,0.01,0.26,0.02,0.06,0.25,0.05,0.08
82,Cc1ccc(C(F)(F)F)cc1Nc1ccccc1-c1nnn[nH]1,True,0.17,0.0,0.12,0.51,0.12,0.12,0.01,0.02,0.01,0.92,0.05,0.05,0.73,0.03,0.01,0.01,0.11,0.01,0.01,0.14,0.05,0.11
83,FC(F)(F)c1cc(Nc2ccccc2-c2nnn[nH]2)ccc1N1CCOCC1,True,0.1,0.0,0.06,0.16,0.13,0.21,0.01,0.03,0.01,0.86,0.02,0.08,0.22,0.01,0.01,0.0,0.11,0.01,0.08,0.12,0.02,0.02
84,O=C(O)c1ccccc1Nc1cc([N+](=O)O)cc(C(F)(F)F)c1,True,0.42,0.02,0.57,0.78,0.25,0.56,0.04,0.07,0.04,0.99,0.21,0.18,0.96,0.17,0.08,0.06,0.8,0.11,0.02,0.65,0.18,0.36
85,Cc1cn(-c2cc(Nc3ccccc3C(=O)O)cc(C(F)(F)F)c2)cn1,True,0.34,0.01,0.57,0.7,0.4,0.17,0.03,0.14,0.03,0.88,0.18,0.11,0.95,0.07,0.04,0.03,0.61,0.07,0.03,0.64,0.14,0.26
86,COc1cc(Nc2ccc(Cl)cc2-c2nnn[nH]2)cc(C(F)(F)F)c1,True,0.11,0.0,0.17,0.72,0.17,0.1,0.01,0.02,0.01,0.93,0.03,0.05,0.65,0.05,0.01,0.01,0.33,0.02,0.01,0.22,0.05,0.16
87,O=[N+](O)c1cc(Nc2ccccc2-c2nnn[nH]2)cc(C(F)(F)F)c1,True,0.5,0.04,0.63,0.78,0.42,0.56,0.06,0.11,0.06,0.99,0.3,0.29,0.97,0.26,0.1,0.11,0.86,0.17,0.03,0.75,0.26,0.53
88,COC(=O)c1cc(Nc2ccccc2C(=O)O)cc(C(F)(F)F)c1,True,0.49,0.01,0.42,0.52,0.29,0.35,0.02,0.07,0.02,0.98,0.12,0.09,0.91,0.1,0.03,0.02,0.46,0.05,0.01,0.7,0.14,0.21
89,NC(=O)c1cc(Nc2ccccc2C(=O)O)cc(C(F)(F)F)c1,True,0.49,0.01,0.48,0.81,0.22,0.48,0.02,0.05,0.03,0.99,0.13,0.14,0.94,0.12,0.05,0.04,0.66,0.07,0.01,0.56,0.18,0.24
90,O=C(O)c1ccccc1Nc1cc(N2CCOCC2)cc(C(F)(F)F)c1,True,0.2,0.0,0.11,0.06,0.08,0.24,0.01,0.06,0.01,0.65,0.07,0.06,0.45,0.02,0.01,0.01,0.16,0.02,0.03,0.04,0.02,0.02
91,COC(=O)c1cc(Nc2ccccc2-c2nnn[nH]2)cc(C(F)(F)F)c1,True,0.37,0.02,0.45,0.84,0.41,0.31,0.03,0.09,0.03,0.98,0.16,0.2,0.95,0.17,0.04,0.05,0.73,0.09,0.02,0.63,0.23,0.42
92,NC(=O)c1cc(Nc2ccccc2-c2nnn[nH]2)cc(C(F)(F)F)c1,True,0.58,0.03,0.5,0.83,0.34,0.52,0.04,0.09,0.05,0.99,0.22,0.25,0.96,0.21,0.08,0.07,0.77,0.13,0.02,0.74,0.21,0.46
93,FC(F)(F)c1cc(Nc2ccccc2-c2nnn[nH]2)cc(OC2CC2)c1,True,0.08,0.0,0.11,0.76,0.2,0.13,0.01,0.02,0.01,0.95,0.06,0.06,0.68,0.02,0.02,0.01,0.39,0.1,0.01,0.2,0.07,0.1
94,Cc1cc(Nc2ccccc2-c2nnn[nH]2)cc(C(F)(F)F)c1,True,0.1,0.01,0.35,0.7,0.18,0.22,0.01,0.08,0.02,0.97,0.07,0.07,0.91,0.1,0.02,0.02,0.52,0.04,0.05,0.47,0.16,0.38
95,O=C(O)c1cc([N+](=O)[O-])ccc1Nc1cccc(C(F)(F)F)c1,True,0.35,0.03,0.59,0.8,0.27,0.55,0.04,0.08,0.04,0.99,0.23,0.21,0.96,0.19,0.08,0.07,0.82,0.13,0.02,0.68,0.2,0.42
96,COc1ccc(Nc2ccccc2C(=O)O)cc1OCc1ccc(Cl)cc1,True,0.22,0.01,0.29,0.11,0.21,0.05,0.01,0.1,0.02,0.96,0.13,0.07,0.79,0.09,0.03,0.02,0.4,0.06,0.37,0.13,0.06,0.05
97,COc1ccc(Nc2ccccc2C(=O)O)cc1OCc1cccc(F)c1,True,0.17,0.01,0.21,0.45,0.16,0.05,0.01,0.07,0.02,0.94,0.08,0.04,0.82,0.07,0.03,0.02,0.33,0.07,0.3,0.1,0.09,0.05
98,COc1cccc(COc2cc(Nc3ccccc3C(=O)O)ccc2OC)c1,True,0.37,0.01,0.12,0.05,0.12,0.04,0.01,0.11,0.01,0.92,0.03,0.08,0.41,0.05,0.02,0.01,0.3,0.04,0.62,0.08,0.02,0.03
99,O=C(O)c1ccccc1Nc1cc(C(F)(F)F)cc(C(F)(F)F)c1Cl,True,0.42,0.02,0.45,0.93,0.23,0.26,0.05,0.1,0.02,0.96,0.09,0.24,0.98,0.16,0.03,0.05,0.57,0.27,0.02,0.62,0.13,0.21
100,FC(F)(F)c1cc(Nc2ccccc2-c2nnn[nH]2)c(Cl)c(C(F)(F)F)c1,True,0.6,0.06,0.7,0.96,0.28,0.23,0.11,0.21,0.04,0.99,0.2,0.41,0.97,0.32,0.07,0.09,0.74,0.48,0.06,0.64,0.27,0.37
101,Cc1ccc(Nc2ccccc2C(=O)O)cc1OCc1ccc(Cl)cc1,True,0.5,0.03,0.73,0.18,0.49,0.11,0.04,0.68,0.29,0.98,0.17,0.39,0.91,0.1,0.04,0.03,0.33,0.06,0.27,0.59,0.08,0.36
102,COc1cccc(COc2cc(Nc3ccccc3C(=O)O)ccc2C)c1,True,0.39,0.03,0.81,0.16,0.66,0.11,0.04,0.55,0.35,0.97,0.11,0.09,0.77,0.15,0.06,0.04,0.6,0.07,0.8,0.75,0.1,0.13
103,Cc1ccc(Nc2ccccc2C(=O)O)cc1OCc1cccc(F)c1,True,0.19,0.01,0.4,0.21,0.24,0.06,0.02,0.24,0.03,0.97,0.12,0.14,0.83,0.08,0.04,0.02,0.38,0.05,0.53,0.62,0.09,0.11
104,O=C(O)c1ccccc1Nc1cccc(OCc2ccc(Cl)cc2)c1,True,0.46,0.05,0.81,0.23,0.52,0.26,0.07,0.6,0.38,1.0,0.27,0.25,0.94,0.14,0.1,0.05,0.41,0.09,0.21,0.36,0.15,0.08
105,COc1cccc(COc2cccc(Nc3ccccc3C(=O)O)c2)c1,True,0.34,0.04,0.65,0.16,0.67,0.08,0.05,0.21,0.34,0.99,0.1,0.18,0.79,0.14,0.06,0.04,0.48,0.08,0.66,0.25,0.1,0.07
106,O=C(O)c1ccccc1Nc1cccc(OCc2cccc(F)c2)c1,True,0.15,0.01,0.34,0.3,0.15,0.09,0.02,0.21,0.03,0.99,0.15,0.09,0.91,0.07,0.04,0.02,0.33,0.06,0.43,0.12,0.09,0.05
107,NS(=O)(=O)c1ccccc1Nc1cccc(OCc2ccccc2)c1,True,0.43,0.05,0.77,0.13,0.52,0.11,0.04,0.32,0.32,0.95,0.14,0.31,0.79,0.12,0.04,0.03,0.49,0.09,0.69,0.28,0.07,0.06
108,NC(=O)c1ccccc1Nc1cccc(C(F)(F)F)c1,True,0.04,0.0,0.25,0.62,0.04,0.03,0.01,0.02,0.01,0.98,0.03,0.03,0.79,0.04,0.01,0.01,0.43,0.02,0.03,0.31,0.04,0.17
109,O=Cc1ccc(Cl)cc1Nc1ccccc1C(=O)O,True,0.15,0.01,0.18,0.13,0.05,0.14,0.01,0.04,0.01,0.99,0.09,0.04,0.94,0.05,0.02,0.02,0.33,0.07,0.07,0.07,0.05,0.03
110,COC(=O)c1cccc(C(=O)O)c1Nc1cccc(C(F)(F)F)c1,True,0.37,0.01,0.14,0.53,0.23,0.3,0.01,0.05,0.01,0.99,0.06,0.06,0.79,0.07,0.02,0.02,0.4,0.04,0.01,0.62,0.1,0.16
111,O=C(O)c1ccccc1Nc1cc(C#CC2CC2)cc(C(F)(F)F)c1,True,0.41,0.01,0.32,0.67,0.16,0.13,0.02,0.05,0.03,0.97,0.09,0.07,0.87,0.05,0.03,0.03,0.64,0.09,0.41,0.88,0.08,0.3
112,CCCCc1cc2cccc(C(=O)O)c2n1-c1cccc(C(F)(F)F)c1,True,0.04,0.0,0.17,0.04,0.03,0.01,0.0,0.04,0.0,0.49,0.01,0.02,0.07,0.01,0.01,0.0,0.49,0.03,0.22,0.02,0.02,0.01
113,Oc1cc(-c2ccccc2Nc2cccc(C(F)(F)F)c2)on1,True,0.1,0.01,0.4,0.85,0.27,0.09,0.02,0.06,0.03,0.97,0.18,0.06,0.93,0.06,0.04,0.04,0.6,0.11,0.03,0.45,0.16,0.35
114,CCCCC#Cc1ccc(Nc2ccccc2C(=O)O)cc1C(F)(F)F,True,0.13,0.0,0.07,0.05,0.08,0.1,0.01,0.02,0.01,0.71,0.03,0.1,0.37,0.02,0.02,0.01,0.14,0.03,0.19,0.14,0.02,0.03
115,CC#Cc1ccc(Nc2ccccc2C(=O)O)cc1C(F)(F)F,True,0.15,0.0,0.12,0.75,0.06,0.35,0.01,0.04,0.01,0.88,0.04,0.02,0.7,0.02,0.02,0.01,0.29,0.03,0.03,0.2,0.06,0.15
116,CCCCCNC(=O)c1ccc(Nc2ccccc2C(=O)O)cc1C(F)(F)F,True,0.1,0.0,0.05,0.02,0.06,0.17,0.0,0.02,0.0,0.82,0.03,0.05,0.09,0.02,0.01,0.0,0.11,0.02,0.01,0.06,0.01,0.05
117,FC(F)(F)c1cc(-c2ccccc2)nc(Nc2ccccc2-c2nnn[nH]2)n1,True,0.12,0.01,0.22,0.42,0.28,0.15,0.02,0.03,0.03,0.73,0.79,0.07,0.82,0.06,0.04,0.03,0.86,0.09,0.02,0.13,0.11,0.06
118,COC(=O)c1ccccc1Nc1cccc(C(F)(F)F)c1,True,0.09,0.0,0.16,0.28,0.05,0.1,0.0,0.03,0.01,0.99,0.03,0.02,0.68,0.03,0.01,0.01,0.36,0.02,0.04,0.55,0.05,0.17
119,FC(F)(F)c1cccc(Nc2ccccc2-c2cnoc2)c1,True,0.07,0.01,0.85,0.78,0.09,0.09,0.02,0.07,0.03,0.91,0.19,0.06,0.94,0.05,0.04,0.03,0.52,0.06,0.11,0.45,0.11,0.57
120,FC(F)(F)c1cccc(Nc2ccccc2-c2cnn[nH]2)c1,True,0.1,0.01,0.86,0.75,0.13,0.12,0.03,0.08,0.04,0.94,0.23,0.1,0.95,0.06,0.05,0.04,0.58,0.07,0.08,0.52,0.14,0.65
121,C#CC1(O)CCC2C3CCC4=CCCCC4C3C(=C)CC21CC,False,0.01,0.0,0.03,0.0,0.0,0.0,0.0,0.05,0.0,0.24,0.0,0.0,0.0,0.0,0.0,0.0,0.58,0.0,0.89,0.0,0.0,0.0
122,COC(=O)Nc1nc2ccc(C(=O)c3ccccc3)cc2[nH]1,True,0.42,0.02,0.66,0.38,0.26,0.29,0.03,0.11,0.04,0.94,0.42,0.34,0.98,0.08,0.06,0.04,0.32,0.11,0.33,0.2,0.22,0.09
123,COc1cc2nccc(Oc3ccc(NC(=O)C4(C(=O)Nc5ccc(F)cc5)CC4)cc3)c2cc1OC,True,0.06,0.0,0.23,0.3,0.14,0.02,0.01,0.07,0.01,0.53,0.02,0.03,0.55,0.02,0.01,0.01,0.17,0.02,0.97,0.09,0.04,0.14
124,C#CC1(O)C=CC2C3CCC4=CC(=O)CCC4C3CCC21CC,True,0.01,0.0,0.04,0.01,0.0,0.0,0.0,0.22,0.0,0.2,0.0,0.0,0.01,0.01,0.0,0.0,0.63,0.0,0.82,0.01,0.0,0.0
125,COc1cc2nccc(Oc3ccc(NC(=O)C4(C(=O)Nc5ccc(F)cc5)CC4)cc3)c2cc1OC,True,0.06,0.0,0.23,0.3,0.14,0.02,0.01,0.07,0.01,0.53,0.02,0.03,0.55,0.02,0.01,0.01,0.17,0.02,0.97,0.09,0.04,0.14
126,COC1OC2OC3(C)CCC4C(C)CCC(C1C)C24OO3,False,0.44,0.0,0.33,0.02,0.13,0.04,0.01,0.91,0.01,0.49,0.01,0.04,0.04,0.02,0.01,0.01,0.05,0.01,0.99,0.11,0.01,0.04
127,COC1=CC(=O)CC(C)C12Oc1c(Cl)c(OC)cc(OC)c1C2=O,True,0.02,0.0,0.04,0.01,0.03,0.02,0.0,0.19,0.0,0.56,0.0,0.01,0.02,0.01,0.01,0.0,0.02,0.02,0.91,0.02,0.0,0.0
128,C#CC1(O)CCC2C3CCC4=CC(=O)CCC4C3C(=C)CC21CC,False,0.04,0.0,0.06,0.02,0.01,0.01,0.0,0.19,0.0,0.52,0.0,0.0,0.01,0.01,0.0,0.0,0.51,0.0,0.9,0.02,0.01,0.01
129,C#CC1(O)CCC2C3CCC4=CC(=O)CCC4C3CCC21C,True,0.03,0.0,0.13,0.01,0.01,0.01,0.0,0.31,0.0,0.71,0.0,0.01,0.02,0.01,0.0,0.0,0.54,0.0,0.9,0.09,0.01,0.02
130,Cc1[nH]c(C=C2C(=O)Nc3ccccc32)c(C)c1CCC(=O)O,True,0.42,0.01,0.91,0.02,0.13,0.39,0.02,0.08,0.1,0.68,0.01,0.04,0.31,0.03,0.02,0.01,0.22,0.02,0.65,0.13,0.02,0.02
131,COc1ccc(C=Cc2cc(OC)c(OC)c(OC)c2)cc1OP(=O)(O)O,True,0.16,0.0,0.13,0.02,0.29,0.12,0.01,0.75,0.01,0.8,0.02,0.08,0.13,0.07,0.01,0.01,0.06,0.03,0.82,0.06,0.01,0.01
132,CC(C)CC1C(=O)N2CCCC2C2(O)OC(NC(=O)C3C=C4c5cccc6[nH]c(Br)c(c56)CC4N(C)C3)(C(C)C)C(=O)N12,False,0.06,0.01,0.81,0.03,0.05,0.29,0.01,0.93,0.02,0.37,0.02,0.06,0.09,0.03,0.01,0.01,0.04,0.01,0.98,0.04,0.01,0.02
133,COc1cc(C2c3cc4c(cc3C(O)C3COC(=O)C23)OCO4)cc(OC)c1OC,True,0.05,0.0,0.32,0.02,0.03,0.02,0.0,0.26,0.01,0.63,0.01,0.03,0.06,0.03,0.01,0.0,0.02,0.01,0.99,0.17,0.01,0.01
134,CCC1=CC2CN(C1)Cc1c([nH]c3ccccc13)C(C(=O)OC)(c1cc3c(cc1OC)N(C)C1C(O)(C(=O)OC)C(OC(C)=O)C4(CC)C=CCN5CCC31C54)C2,True,0.01,0.0,0.09,0.01,0.01,0.09,0.0,0.63,0.01,0.45,0.01,0.02,0.0,0.01,0.0,0.0,0.0,0.0,0.85,0.01,0.0,0.01
135,CCOC(=O)NC1CCC2C(C1)CC1C(=O)OC(C)C1C2C=Cc1ccc(-c2cccc(F)c2)cn1,False,0.13,0.01,0.54,0.02,0.2,0.03,0.01,0.37,0.02,0.36,0.02,0.06,0.19,0.06,0.01,0.01,0.62,0.02,1.0,0.08,0.03,0.02
136,C#CC1(O)CCC2C3CCC4=CC(=O)CCC4C3CCC21CC,True,0.02,0.0,0.05,0.0,0.0,0.0,0.0,0.14,0.0,0.32,0.0,0.0,0.01,0.01,0.0,0.0,0.45,0.0,0.96,0.03,0.0,0.01
137,CC12C=CC(=O)NC1CCC1C2CCC2(C)C(C(=O)Nc3cc(C(F)(F)F)ccc3C(F)(F)F)CCC12,True,0.19,0.0,0.21,0.04,0.03,0.04,0.01,0.06,0.02,0.44,0.03,0.08,0.03,0.03,0.02,0.02,0.29,0.02,0.75,0.11,0.01,0.16
138,Cc1ccc(Cl)c(Nc2ccccc2C(=O)O)c1Cl,True,0.4,0.01,0.71,0.14,0.06,0.12,0.02,0.34,0.03,0.98,0.15,0.1,0.94,0.07,0.03,0.02,0.54,0.1,0.18,0.13,0.08,0.07
139,Cc1c(Nc2ncccc2C(=O)O)cccc1C(F)(F)F,True,0.08,0.0,0.3,0.47,0.1,0.17,0.01,0.1,0.01,0.96,0.05,0.04,0.82,0.06,0.01,0.01,0.53,0.03,0.07,0.63,0.06,0.39
140,CC(=O)OC1(C(C)=O)CCC2C3CC(C)C4=CC(=O)CCC4(C)C3CCC21C,True,0.05,0.0,0.16,0.0,0.02,0.01,0.0,0.54,0.0,0.76,0.0,0.02,0.01,0.02,0.0,0.0,0.13,0.0,0.99,0.28,0.0,0.01
141,CCC1(O)CC2CN(CCc3c([nH]c4ccccc34)C(C(=O)OC)(c3cc4c(cc3OC)N(C)C3C(O)(C(=O)OC)C(OC(C)=O)C5(CC)C=CCN6CCC43C65)C2)C1,True,0.02,0.0,0.29,0.02,0.02,0.31,0.01,0.75,0.08,0.58,0.01,0.04,0.02,0.01,0.01,0.01,0.02,0.01,0.81,0.07,0.0,0.01
142,Cc1c(Cl)cccc1Nc1ccccc1C(=O)O,True,0.24,0.0,0.3,0.06,0.03,0.04,0.01,0.08,0.01,0.98,0.07,0.27,0.75,0.03,0.01,0.01,0.26,0.03,0.44,0.05,0.05,0.03
143,CC(c1nc(-c2ccc(C#N)cc2)cs1)C(O)(Cn1cncn1)c1cc(F)ccc1F,False,0.33,0.01,0.38,0.23,0.09,0.06,0.01,0.17,0.02,0.61,0.03,0.13,0.82,0.04,0.02,0.02,0.74,0.07,0.32,0.11,0.05,0.06
144,C=C1CC2C(CCC3(C)C(=O)CCC23)C2(C)C=CC(=O)C=C12,True,0.06,0.0,0.16,0.02,0.01,0.01,0.0,0.63,0.0,0.82,0.0,0.01,0.02,0.01,0.0,0.0,0.49,0.0,0.92,0.04,0.01,0.01
145,CCC(C)n1ncn(-c2ccc(N3CCN(c4ccc(OCC5COC(Cn6cncn6)(c6ccc(Cl)cc6Cl)O5)cc4)CC3)cc2)c1=O,False,0.02,0.36,0.76,0.05,0.44,0.17,0.05,0.94,0.18,0.2,0.03,0.03,0.26,0.02,0.02,0.01,0.08,0.09,0.76,0.12,0.04,0.02
146,Cc1c(C(=O)Nc2ccc(N3CC(C)OC(C)C3)nc2)cccc1-c1ccc(OC(F)(F)F)cc1,False,0.1,0.01,0.81,0.04,0.22,0.14,0.02,0.29,0.03,0.69,0.03,0.03,0.31,0.06,0.02,0.01,0.35,0.03,0.97,0.16,0.04,0.04
147,CCC(=O)OC1(C(=O)CCl)C(C)CC2C3CC(F)C4=CC(=O)C=CC4(C)C3(F)C(O)CC21C,True,0.2,0.0,0.05,0.01,0.03,0.04,0.0,0.11,0.0,0.63,0.01,0.11,0.02,0.01,0.0,0.0,0.12,0.01,0.84,0.6,0.01,0.02
148,Clc1ccc(CCC(Cn2ccnc2)Sc2c(Cl)cccc2Cl)cc1,True,0.34,0.02,0.71,0.06,0.16,0.09,0.02,0.53,0.21,0.96,0.08,0.2,0.86,0.07,0.03,0.02,0.47,0.08,0.93,0.17,0.05,0.04
149,CCCOc1ccc2nc(NC(=O)OC)[nH]c2c1,True,0.21,0.0,0.19,0.02,0.11,0.01,0.01,0.39,0.01,0.93,0.1,0.45,0.51,0.03,0.02,0.01,0.06,0.05,0.07,0.03,0.02,0.01
150,CCOC(=O)OC1(C(=O)OCCl)CCC2C3CCC4=CC(=O)C=CC4(C)C3C(O)CC21C,True,0.17,0.0,0.61,0.01,0.03,0.03,0.0,0.34,0.01,0.63,0.01,0.02,0.03,0.02,0.01,0.0,0.02,0.01,1.0,0.11,0.01,0.01
151,CCC1=CC2CN(C1)Cc1c([nH]c3ccccc13)C(C(=O)OC)(c1cc3c(cc1OC)N(C)C1C(O)(C(=O)OC)C(OC(C)=O)C4(CC)C=CCN5CCC31C54)C2,True,0.01,0.0,0.09,0.01,0.01,0.09,0.0,0.63,0.01,0.45,0.01,0.02,0.0,0.01,0.0,0.0,0.0,0.0,0.85,0.01,0.0,0.01
152,CC(=O)OCC(=O)C1CCC2C3CCC4=CC(=O)CCC4(C)C3CCC12C,True,0.09,0.0,0.06,0.0,0.01,0.01,0.0,0.59,0.0,0.37,0.0,0.01,0.01,0.01,0.0,0.0,0.15,0.0,0.98,0.02,0.0,0.0
153,COc1cc2c(Oc3ccc(NC(=O)C4(C(=O)Nc5ccc(F)cc5)CC4)cc3F)ccnc2cc1OCCCN1CCOCC1,True,0.17,0.01,0.14,0.05,0.08,0.01,0.02,0.09,0.01,0.31,0.03,0.17,0.49,0.03,0.02,0.01,0.17,0.03,0.84,0.05,0.02,0.03
154,Clc1ccc(CSC(Cn2ccnc2)c2ccc(Cl)cc2Cl)cc1,True,0.62,0.03,0.92,0.15,0.31,0.08,0.04,0.72,0.37,0.97,0.18,0.63,0.9,0.27,0.09,0.05,0.63,0.49,0.93,0.44,0.1,0.08
155,CC12CCC(O)CC1=CCC1C2CCC2(C)C(n3cnc4ccccc43)=CCC12,False,0.08,0.0,0.16,0.01,0.04,0.01,0.0,0.17,0.0,0.19,0.01,0.02,0.02,0.03,0.0,0.0,0.77,0.01,0.99,0.04,0.01,0.01
156,CCCSc1ccc2nc(NC(=O)OC)[nH]c2c1,False,0.51,0.0,0.2,0.02,0.09,0.01,0.01,0.17,0.01,0.95,0.08,0.67,0.59,0.03,0.01,0.01,0.06,0.02,0.07,0.02,0.01,0.01
157,CCC(C)C(C(CC(=O)N1CCCC1C(OC)C(C)C(=O)NC(C)C(O)c1ccccc1)OC)N(C)C(=O)C(NC(=O)C(NC)C(C)C)C(C)C,True,0.31,0.03,0.95,0.11,0.27,0.79,0.05,0.99,0.55,0.82,0.07,0.1,0.2,0.06,0.06,0.06,0.08,0.07,0.82,0.42,0.03,0.05
158,COc1cc(-c2coc3cc4c(c(OC)c3c2=O)OCO4)cc(OC)c1OC,True,0.02,0.0,0.12,0.06,0.04,0.05,0.01,0.15,0.01,0.76,0.01,0.02,0.03,0.02,0.02,0.0,0.03,0.03,0.73,0.03,0.02,0.01
159,CC(=O)SC1CC2=CC(=O)CCC2(C)C2CCC3(C)C(CCC34CCC(=O)O4)C12,True,0.05,0.0,0.07,0.01,0.01,0.01,0.0,0.61,0.0,0.22,0.0,0.01,0.01,0.01,0.0,0.0,0.47,0.0,0.98,0.1,0.01,0.01
160,CCC(C)(C)C(=O)OC1CC(C)C=C2C=CC(C)C(CCC3CC(O)CC(=O)O3)C21,False,0.38,0.0,0.3,0.02,0.19,0.03,0.01,0.76,0.02,0.81,0.03,0.46,0.15,0.03,0.02,0.01,0.04,0.02,0.97,0.3,0.02,0.03
161,CC(C)(C)NC(=O)C1CCC2C3CCC4NC(=O)C=CC4(C)C3CCC12C,False,0.1,0.0,0.03,0.0,0.05,0.01,0.0,0.59,0.0,0.18,0.0,0.02,0.01,0.01,0.0,0.0,0.02,0.0,0.75,0.04,0.0,0.0
162,COc1ccc(C(=O)c2ccccc2C(=O)O)cc1,True,0.07,0.01,0.12,0.33,0.07,0.12,0.01,0.36,0.02,0.99,0.05,0.03,0.83,0.04,0.02,0.02,0.55,0.03,0.23,0.06,0.3,0.03
163,CC(C)c1nc(CN(C)C(=O)NC(C(=O)NC(Cc2ccccc2)CC(O)C(Cc2ccccc2)NC(=O)OCc2cncs2)C(C)C)cs1,True,0.47,0.01,0.88,0.06,0.56,0.1,0.02,0.78,0.12,0.45,0.03,0.09,0.21,0.06,0.02,0.02,0.03,0.02,0.48,0.33,0.01,0.08
164,CCCCCCCCCC(=O)CC(=O)NC1CCOC1=O,True,0.05,0.0,0.04,0.01,0.02,0.01,0.0,0.31,0.01,0.51,0.02,0.43,0.14,0.03,0.0,0.0,0.04,0.02,0.13,0.01,0.01,0.01
165,COc1cc(-c2[o+]c3cc(O)cc(O)c3cc2OC2OC(CO)C(O)C(O)C2O)cc(OC)c1O,True,0.02,0.0,0.05,0.07,0.85,0.01,0.0,0.03,0.01,0.05,0.04,0.01,0.1,0.02,0.01,0.0,0.24,0.02,0.54,0.02,0.04,0.01
166,O=C(OC1Cc2c(O)cc(O)cc2OC1c1cc(O)c(O)c2c(O)c(=O)cc(C3Oc4cc(O)cc(O)c4CC3O)cc12)c1cc(O)c(O)c(O)c1,True,0.02,0.0,0.04,0.92,0.27,0.01,0.0,0.03,0.0,0.21,0.01,0.01,0.23,0.01,0.0,0.01,0.25,0.01,0.15,0.08,0.02,0.01
167,O=C(OC1Cc2c(O)cc(O)cc2OC1c1cc(O)c(=O)c2c(O)c(O)cc(C3Oc4cc(O)cc(O)c4CC3O)c2c1)c1cc(O)c(O)c(O)c1,True,0.03,0.0,0.05,0.94,0.35,0.02,0.0,0.04,0.01,0.27,0.01,0.01,0.28,0.01,0.0,0.01,0.31,0.01,0.19,0.03,0.03,0.02
168,O=c1c(O)cc(C2Oc3cc(O)cc(O)c3CC2O)cc2c(C3Oc4cc(O)cc(O)c4CC3O)cc(O)c(O)c12,True,0.09,0.01,0.19,0.88,0.16,0.07,0.01,0.16,0.02,0.46,0.02,0.04,0.48,0.03,0.04,0.03,0.07,0.04,0.28,0.13,0.06,0.04
169,CC(=O)c1cc2ccccc2o1,True,0.02,0.0,0.05,0.07,0.03,0.02,0.0,0.98,0.01,0.99,0.02,0.05,0.17,0.02,0.01,0.01,0.28,0.01,0.29,0.02,0.03,0.01
170,Oc1ccc(-c2[o+]c3cc(O)cc(O)c3cc2O)cc1,True,0.29,0.02,0.52,0.35,0.11,0.15,0.03,0.24,0.05,0.99,0.15,0.11,0.99,0.12,0.05,0.05,0.22,0.08,0.27,0.31,0.24,0.1
171,O=C(O)CC(=O)OCC1OC(Oc2cc(O)c3c(=O)c(-c4ccc(O)cc4)coc3c2)C(O)C(O)C1O,True,0.51,0.08,0.72,0.64,0.69,0.29,0.17,0.28,0.28,0.83,0.34,0.72,0.99,0.2,0.84,0.2,0.54,0.62,0.96,0.33,0.61,0.33
172,Cc1ncc(C[n+]2csc(CCO)c2C)c(N)n1,True,0.39,0.0,0.85,0.02,0.11,0.05,0.01,0.89,0.01,0.08,0.04,0.9,0.2,0.03,0.01,0.01,0.04,0.03,0.94,0.03,0.02,0.01
173,Cc1ncc(CO)c(CO)c1O,True,0.03,0.0,0.04,0.01,0.03,0.04,0.0,0.06,0.0,0.53,0.03,0.04,0.02,0.01,0.0,0.0,0.19,0.01,0.36,0.02,0.01,0.01
174,C=C1CCC(O)CC1=CC=C1CCCC2(C)C1CCC2C(C)CCCC(C)C,True,0.0,0.0,0.0,0.0,0.0,0.0,0.0,0.09,0.0,0.06,0.0,0.0,0.0,0.0,0.0,0.0,0.0,0.0,0.33,0.0,0.0,0.0
175,CC(C)CC(NC(=O)C(C)NC(=O)C(CCC(N)=O)NC(=O)C(NC(=O)C(Cc1ccccc1)NC(=O)C(CO)NC(=O)C(CCCNC(=N)N)NC(=O)C(CC(N)=O)NC(=O)C(Cc1ccccc1)NC(=O)C(CC(C)C)NC(=O)C(CCCNC(=N)N)NC(=O)C(Cc1ccccc1)NC(=O)C(Cc1ccccc1)NC(=O)C(NC(=O)C(CO)NC(=O)C(CC(C)C)NC(=O)C(CO)NC(=O)CNC(=O)C(N)CO)C(C)O)C(C)O)C(=O)NCC(=O)NC(CCCCN)C(=O)O,True,0.87,0.42,0.79,0.37,0.96,0.92,0.57,0.93,0.25,0.67,0.26,0.64,0.69,0.73,0.22,0.23,0.39,0.3,0.96,0.84,0.29,0.41
176,NC(CCCCn1cc[n+](CCCCC(N)C(=O)O)c1)C(=O)O,False,0.44,0.0,0.17,0.01,0.02,0.03,0.01,0.29,0.01,0.8,0.23,0.08,0.26,0.02,0.01,0.01,0.07,0.01,0.11,0.59,0.01,0.07
177,NCCCCC(NCC(=O)O)C(=O)O,True,0.62,0.01,0.1,0.02,0.04,0.11,0.01,0.81,0.01,0.16,0.03,0.22,0.27,0.03,0.01,0.01,0.06,0.02,0.08,0.04,0.02,0.02
178,CC(C)=CCc1c(O)cc(O)c2c(=O)c(O)c(-c3ccc(O)cc3)oc12,True,0.14,0.0,0.03,0.01,0.02,0.01,0.01,0.01,0.0,0.57,0.0,0.12,0.29,0.01,0.01,0.0,0.01,0.01,0.03,0.01,0.0,0.0
179,COc1ccc2ccc(=O)oc2c1,True,0.02,0.0,0.04,0.05,0.03,0.02,0.0,0.55,0.01,0.98,0.02,0.03,0.52,0.02,0.01,0.01,0.11,0.01,0.29,0.02,0.2,0.01
180,COc1cc(C(=O)O)ccc1O,True,0.1,0.0,0.03,0.04,0.01,0.18,0.0,0.01,0.0,0.55,0.01,0.01,0.06,0.0,0.0,0.0,0.04,0.0,0.01,0.05,0.02,0.01
181,O=C(O)c1ccc(O)c(O)c1,True,0.28,0.01,0.23,0.31,0.03,0.12,0.02,0.05,0.02,0.93,0.06,0.1,0.67,0.03,0.02,0.02,0.48,0.05,0.21,0.73,0.12,0.15
182,COc1cc(C=CC(=O)O)ccc1O,True,0.02,0.0,0.04,0.02,0.01,0.02,0.0,0.07,0.0,0.82,0.01,0.01,0.13,0.0,0.0,0.0,0.1,0.01,0.15,0.03,0.04,0.01
183,CC1=C2C(=O)C=C(CO)C2C2OC(=O)C(C)C2C(OC(=O)Cc2ccc(O)cc2)C1,True,0.18,0.0,0.1,0.01,0.03,0.03,0.0,0.14,0.01,0.5,0.01,0.02,0.12,0.02,0.01,0.0,0.51,0.01,0.99,0.14,0.01,0.01
184,O=C(C=CC=Cc1ccc2c(c1)OCO2)N1CCCCC1,True,0.44,0.01,0.62,0.02,0.23,0.03,0.01,0.72,0.08,0.99,0.06,0.05,0.43,0.07,0.01,0.01,0.12,0.02,0.64,0.1,0.03,0.02
185,CC1=C2C(=O)C=C(CO)[C@@H]2[C@H]2OC(=O)C(C)[C@@H]2[C@@H](O)C1,True,0.18,0.0,0.04,0.0,0.02,0.04,0.0,0.44,0.0,0.18,0.01,0.01,0.02,0.01,0.0,0.0,0.59,0.01,0.99,0.02,0.01,0.01
186,CCCCCCCc1cc(=O)c2ccccc2[nH]1,True,0.03,0.0,0.01,0.01,0.01,0.0,0.0,0.22,0.0,0.96,0.04,0.03,0.04,0.01,0.0,0.0,0.63,0.01,0.11,0.01,0.01,0.01
187,C=C1C(O)CCC(C)=CC2OC(=O)C(C)C2CC1O,True,0.51,0.0,0.89,0.0,0.01,0.01,0.0,0.37,0.0,0.76,0.01,0.05,0.04,0.01,0.0,0.0,0.02,0.01,0.74,0.03,0.01,0.01
188,CC[C@H](C)C(=O)C1=C(O[Si](C)(C)C)[C@@](O[Si](C)(C)C)(C(=O)CC=C(C)C)[C@@H](CC=C(C)C)C1=O,True,0.77,0.06,0.42,0.11,0.27,0.41,0.08,0.94,0.5,0.93,0.11,0.45,0.28,0.25,0.38,0.07,0.1,0.15,0.93,0.16,0.07,0.07
189,COc1ccc(O)c(C(C)(C)C)c1,True,0.03,0.0,0.01,0.0,0.02,0.0,0.0,0.46,0.0,0.49,0.0,0.01,0.01,0.05,0.0,0.0,0.02,0.0,0.06,0.02,0.0,0.0
190,CC(=O)c1oc2cc(OC3OC(CO)C(O)C(O)C3O)cc(O)c2c(=O)c1-c1ccc(O)cc1,True,0.07,0.0,0.19,0.31,0.11,0.03,0.01,0.07,0.01,0.04,0.02,0.02,0.15,0.02,0.02,0.01,0.6,0.31,0.3,0.04,0.04,0.02
191,CC1CCC2C(C)C(=O)OC3OC4(C)CCC1C32OO4,True,0.32,0.0,0.37,0.01,0.04,0.02,0.0,0.96,0.01,0.48,0.01,0.02,0.02,0.02,0.01,0.0,0.09,0.01,0.99,0.15,0.01,0.03
192,Oc1cc(O)c2cc(O)c(-c3ccc(O)c(O)c3)[o+]c2c1,True,0.44,0.09,0.89,0.85,0.57,0.43,0.16,0.56,0.24,1.0,0.52,0.4,1.0,0.42,0.27,0.26,0.91,0.52,0.3,0.71,0.62,0.43
193,Oc1cc(O)c2cc(O)c(-c3ccc(O)c(O)c3)[o+]c2c1,True,0.44,0.09,0.89,0.85,0.57,0.43,0.16,0.56,0.24,1.0,0.52,0.4,1.0,0.42,0.27,0.26,0.91,0.52,0.3,0.71,0.62,0.43
194,Oc1ccc(-c2[o+]c3cc(O)cc(O)c3cc2O)cc1,True,0.29,0.02,0.52,0.35,0.11,0.15,0.03,0.24,0.05,0.99,0.15,0.11,0.99,0.12,0.05,0.05,0.22,0.08,0.27,0.31,0.24,0.1
195,CN(C)CCOC(c1ccccc1)c1ccccc1,True,0.84,0.0,0.04,0.01,0.03,0.01,0.0,0.07,0.01,0.98,0.03,0.83,0.07,0.16,0.0,0.0,0.07,0.01,0.12,0.04,0.01,0.01
196,c1cnc2c(c1)ccc1cccnc12,True,0.01,0.0,0.01,0.83,0.01,0.01,0.0,0.81,0.0,0.99,0.16,0.01,0.02,0.04,0.0,0.0,0.46,0.01,0.04,0.01,0.04,0.01
197,CC(CCC(=O)O)C1CCC2C3C(O)CC4CC(O)CCC4(C)C3CC(O)C12C,False,0.32,0.0,0.12,0.01,0.06,0.03,0.0,0.53,0.01,0.42,0.01,0.02,0.03,0.03,0.01,0.01,0.06,0.01,0.98,0.07,0.01,0.02
198,CC(CCC(=O)NCC(=O)O)C1CCC2C3C(O)CC4CC(O)CCC4(C)C3CC(O)C12C,True,0.22,0.0,0.28,0.01,0.06,0.05,0.0,0.75,0.01,0.37,0.01,0.02,0.02,0.02,0.01,0.01,0.03,0.01,0.99,0.07,0.01,0.01
199,CC(CCC(=O)O)C1CCC2C3CCC4CC(O)CCC4(C)C3CC(O)C12C,True,0.04,0.0,0.06,0.0,0.01,0.01,0.0,0.28,0.0,0.51,0.0,0.01,0.01,0.01,0.0,0.0,0.03,0.0,0.96,0.03,0.0,0.0
200,CC(CCC(=O)O)C1CCC2C3CCC4CC(O)CCC4(C)C3CCC12C,True,0.02,0.0,0.02,0.0,0.0,0.0,0.0,0.16,0.0,0.16,0.0,0.0,0.0,0.0,0.0,0.0,0.01,0.0,0.77,0.01,0.0,0.0
201,CC(C)OC(=O)C(C)NP(=O)(COC(C)Cn1cnc2c(N)ncnc21)Oc1ccccc1,True,0.13,0.13,0.83,0.07,0.38,0.18,0.16,0.96,0.04,0.25,0.05,0.27,0.17,0.08,0.03,0.02,0.15,0.19,0.97,0.17,0.11,0.05
202,CCC(C)C1NC(=O)C(CC(C)C)NC(=O)C(Cc2ccccc2)NC(=O)C(Cc2ccccc2)NC(=O)C2CCCN2C(=O)C2CCCN2C(=O)C(C(C)C)NC(=O)C(CC(C)C)NC(=O)C(C(C)CC)NC1=O,False,0.95,0.12,0.93,0.3,0.82,0.86,0.23,0.97,0.75,0.52,0.22,0.23,0.83,0.43,0.24,0.14,0.23,0.19,0.96,0.91,0.14,0.29
203,CCC(C)C1NC(=O)C(C(C)C)NC(=O)C(Cc2ccccc2)NC(=O)C(Cc2ccccc2)NC(=O)C2CCCN2C(=O)C2CCCN2C(=O)C(C(C)CC)NC(=O)C(CC(C)C)NC(=O)C(CC[S+](C)[O-])NC1=O,False,0.95,0.66,0.95,0.61,0.97,0.95,0.65,0.99,0.89,0.57,0.49,0.55,0.9,0.87,0.51,0.38,0.59,0.63,0.98,0.94,0.53,0.61
204,CCC(C)C1NC(=O)C(C(C)C)NC(=O)C(Cc2ccccc2)NC(=O)C(Cc2ccccc2)NC(=O)C2CCCN2C(=O)C2CCCN2C(=O)C(C(C)CC)NC(=O)C(CC(C)C)NC(=O)C(CCS(C)(=O)=O)NC1=O,False,0.92,0.38,0.89,0.49,0.96,0.92,0.67,0.98,0.37,0.66,0.36,0.53,0.84,0.86,0.35,0.31,0.47,0.48,0.98,0.84,0.42,0.5
205,CCC(C)C1NC(=O)C(Cc2c[nH]c3ccccc23)NC(=O)C(Cc2ccccc2)NC(=O)C(Cc2ccccc2)NC(=O)C2CCCN2C(=O)C(CC(C)C)NC(=O)C(CC(C)C)NC(=O)C(CC[S+](C)[O-])NC1=O,True,0.96,0.17,0.98,0.46,0.96,0.9,0.32,0.96,0.78,0.77,0.4,0.5,0.92,0.68,0.39,0.3,0.59,0.45,0.96,0.91,0.26,0.51
206,CCC(C)C1NC(=O)C(Cc2ccccc2)NC(=O)C(CC(C)C)NC(=O)C2CCCN2C(=O)C(Cc2ccccc2)NC(=O)C(C(C)C)NC(=O)C(CC(C)C)NC(=O)C(CC[S+](C)[O-])NC1=O,False,0.94,0.09,0.94,0.22,0.78,0.8,0.13,0.93,0.64,0.33,0.18,0.24,0.74,0.41,0.18,0.13,0.17,0.19,0.9,0.87,0.1,0.21
207,CCC(C)C1NC(=O)C(Cc2ccccc2)NC(=O)C(CC(C)C)NC(=O)C2CCCN2C(=O)C(Cc2ccccc2)NC(=O)C(C(C)C)NC(=O)C(CC(C)C)NC(=O)C(CCS(C)(=O)=O)NC1=O,False,0.91,0.05,0.93,0.17,0.84,0.73,0.1,0.92,0.17,0.19,0.14,0.16,0.69,0.51,0.11,0.08,0.14,0.13,0.89,0.7,0.07,0.16
208,CCC(C)C1NC(=O)C(Cc2c[nH]c3ccccc23)NC(=O)C(Cc2ccccc2)NC(=O)C(Cc2ccccc2)NC(=O)C2CCCN2C(=O)C(CCSC)NC(=O)C(CC(C)C)NC(=O)C(CC[S+](C)[O-])NC1=O,True,0.96,0.62,0.94,0.64,0.98,0.94,0.66,0.99,0.8,0.84,0.52,0.61,0.91,0.8,0.53,0.42,0.71,0.62,0.98,0.93,0.54,0.65
209,CCC(C)C1NC(=O)C(Cc2c[nH]c3ccccc23)NC(=O)C(Cc2ccccc2)NC(=O)C(Cc2ccccc2)NC(=O)C2CCCN2C(=O)C(CC[S+](C)[O-])NC(=O)C(CC(C)C)NC(=O)C(CC[S+](C)[O-])NC1=O,True,0.94,0.58,0.93,0.56,0.98,0.94,0.62,0.97,0.81,0.78,0.48,0.55,0.89,0.87,0.48,0.37,0.65,0.58,0.97,0.92,0.5,0.6
210,COc1cc2c(cc1OC)-c1cc3ccc(OC)c(OC)c3c[n+]1CC2,True,0.01,0.0,0.02,0.01,0.06,0.0,0.0,0.08,0.0,0.24,0.1,0.0,0.01,0.01,0.0,0.0,0.01,0.0,0.93,0.0,0.0,0.0
211,CC(C)=CCC1=C(O)C(O)(CC=C(C)C)C(=O)C(C(=O)C(C)C(C)C)=C1O,True,0.96,0.05,0.37,0.1,0.33,0.24,0.13,0.78,0.36,0.82,0.3,0.59,0.16,0.18,0.34,0.04,0.08,0.11,0.93,0.27,0.1,0.33
212,O=C(OCC1OC(OC(=O)c2cc(O)c(O)c(OC(=O)c3cc(O)c(O)c(O)c3)c2)C(OC(=O)c2cc(O)c(O)c(OC(=O)c3cc(O)c(O)c(O)c3)c2)C(OC(=O)c2cc(O)c(O)c(OC(=O)c3cc(O)c(O)c(O)c3)c2)C1OC(=O)c1cc(O)c(O)c(OC(=O)c2cc(O)c(O)c(O)c2)c1)c1cc(O)c(O)c(OC(=O)c2cc(O)c(O)c(O)c2)c1,True,0.44,0.03,0.08,0.95,0.99,0.48,0.06,0.51,0.1,0.61,0.15,0.24,0.86,0.33,0.09,0.13,0.67,0.11,0.36,0.61,0.25,0.29
213,CCC(C)C(=O)C1=C(O[Si](C)(C)C)C(O[Si](C)(C)C)(C(=O)CC=C(C)C)C(CC=C(C)C)C1=O,True,0.77,0.06,0.42,0.11,0.27,0.41,0.08,0.94,0.5,0.93,0.11,0.45,0.28,0.25,0.38,0.07,0.1,0.15,0.93,0.16,0.07,0.07
214,CC1=C2C(=O)C=C(CO)C2(C)C2OC(=O)C(C)C2C(O)C1,True,0.18,0.0,0.16,0.01,0.01,0.02,0.0,0.64,0.01,0.5,0.01,0.02,0.02,0.01,0.0,0.0,0.41,0.01,1.0,0.03,0.01,0.01
215,OCC1OC(Sc2ccccc2)C(O)C(O)C1O,True,0.17,0.0,0.6,0.04,0.02,0.01,0.0,0.06,0.01,0.31,0.68,0.07,0.11,0.01,0.0,0.0,0.59,0.02,0.01,0.02,0.01,0.01
216,O=[N+]([O-])c1ccc(OC2OC(CO)C(O)C(O)C2O)cc1,True,0.09,0.0,0.25,0.1,0.03,0.1,0.01,0.04,0.01,0.2,0.53,0.03,0.71,0.02,0.01,0.01,0.88,0.03,0.13,0.63,0.09,0.27
217,CCCCCCOC1OC(CO)C(O)C(O)C1O,True,0.04,0.0,0.01,0.0,0.01,0.01,0.0,0.52,0.0,0.07,0.21,0.05,0.01,0.0,0.0,0.0,0.01,0.0,0.02,0.0,0.0,0.0
218,CC(=O)NC1C(Oc2ccccc2)OC(CO)C(O)C1O,True,0.19,0.0,0.1,0.02,0.04,0.01,0.01,0.16,0.01,0.05,0.05,0.17,0.15,0.01,0.01,0.0,0.13,0.13,0.23,0.02,0.01,0.01
219,O=[N+]([O-])c1ccc(OC2OC(CO)C(O)C(O)C2O)cc1,True,0.09,0.0,0.25,0.1,0.03,0.1,0.01,0.04,0.01,0.2,0.53,0.03,0.71,0.02,0.01,0.01,0.88,0.03,0.13,0.63,0.09,0.27
220,CC(C)OC(=O)C(C)NP(=O)(COC(C)Cn1cnc2c(N)ncnc21)Oc1ccccc1,True,0.13,0.13,0.83,0.07,0.38,0.18,0.16,0.96,0.04,0.25,0.05,0.27,0.17,0.08,0.03,0.02,0.15,0.19,0.97,0.17,0.11,0.05
221,CC(C)=O,True,0.0,0.0,0.0,0.0,0.0,0.0,0.0,0.01,0.0,0.02,0.0,0.45,0.0,0.0,0.0,0.0,0.0,0.0,0.02,0.0,0.0,0.0
222,CCC(C)=O,True,0.01,0.0,0.0,0.0,0.0,0.0,0.0,0.02,0.0,0.05,0.0,0.65,0.01,0.01,0.0,0.0,0.0,0.0,0.08,0.0,0.0,0.0
223,CCCC(C)=O,True,0.01,0.0,0.0,0.0,0.0,0.0,0.0,0.01,0.0,0.04,0.0,0.68,0.01,0.0,0.0,0.0,0.0,0.0,0.07,0.0,0.0,0.0
224,CC(C)C=O,False,0.01,0.0,0.0,0.0,0.0,0.0,0.0,0.03,0.0,0.04,0.0,0.23,0.0,0.01,0.0,0.0,0.0,0.0,0.04,0.0,0.0,0.0
225,O=C1CCCO1,True,0.02,0.0,0.01,0.0,0.0,0.01,0.0,0.03,0.0,0.28,0.0,0.78,0.02,0.01,0.0,0.0,0.01,0.0,0.05,0.0,0.0,0.0
226,CSSC,False,0.0,0.0,0.0,0.0,0.0,0.0,0.0,0.48,0.0,0.23,0.0,0.07,0.0,0.0,0.0,0.0,0.02,0.0,0.0,0.0,0.0,0.0
227,CS,False,0.29,0.03,0.15,0.4,0.14,0.17,0.05,0.91,0.05,0.98,0.1,0.73,0.67,0.3,0.07,0.06,0.38,0.32,0.31,0.42,0.24,0.07
228,Cc1cccc(C)c1OCC(=O)NC(Cc1ccccc1)C(O)CC(Cc1ccccc1)NC(=O)C(C(C)C)N1CCCNC1=O,True,0.5,0.04,0.96,0.09,0.46,0.51,0.06,0.9,0.32,0.86,0.05,0.11,0.32,0.1,0.06,0.04,0.13,0.06,0.98,0.45,0.06,0.06
229,C=CC1C(O)OC=C(C(=O)OC)C1CC(=O)OCCc1ccc(O)cc1,True,0.75,0.0,0.15,0.03,0.05,0.27,0.01,0.05,0.01,0.82,0.02,0.05,0.17,0.03,0.01,0.01,0.1,0.03,0.1,0.11,0.02,0.02
230,CC[N+](C)(CC)CCOC(=O)C(O)(c1ccccc1)C1CCCCC1,True,0.36,0.01,0.22,0.02,0.05,0.1,0.01,0.87,0.02,0.64,0.24,0.06,0.47,0.06,0.01,0.01,0.19,0.02,0.88,0.05,0.01,0.01
231,O=C(O)c1ccccc1Nc1cccc(S(F)(F)(F)(F)F)c1,True,0.6,0.01,0.39,0.18,0.08,0.24,0.01,0.12,0.01,0.9,0.06,0.08,0.45,0.13,0.02,0.01,0.38,0.03,0.08,0.63,0.04,0.18
232,O=C(O)c1ccccc1Nc1cccc(Cl)c1,True,0.07,0.0,0.05,0.02,0.02,0.03,0.0,0.05,0.01,0.98,0.03,0.02,0.61,0.02,0.01,0.0,0.09,0.01,0.26,0.02,0.02,0.01
233,O=C(O)c1ccccc1Nc1cccc(OC(F)F)c1,True,0.04,0.0,0.04,0.09,0.01,0.14,0.0,0.01,0.0,0.92,0.03,0.02,0.54,0.01,0.01,0.0,0.11,0.01,0.01,0.02,0.02,0.01
234,CN(c1cccc(C(F)(F)F)c1)c1ccccc1C(=O)O,True,0.13,0.0,0.02,0.15,0.02,0.47,0.0,0.02,0.0,0.87,0.01,0.01,0.3,0.01,0.01,0.0,0.1,0.01,0.0,0.34,0.02,0.05
235,O=C(O)c1cccc(Nc2cccc(C(F)(F)F)c2)c1,True,0.1,0.0,0.24,0.43,0.02,0.07,0.01,0.02,0.01,0.98,0.05,0.02,0.85,0.04,0.01,0.01,0.33,0.02,0.04,0.63,0.05,0.21
236,O=C(O)c1ccc(Nc2cccc(C(F)(F)F)c2)cc1,True,0.09,0.0,0.32,0.51,0.04,0.12,0.01,0.03,0.01,0.98,0.07,0.07,0.91,0.05,0.01,0.01,0.38,0.02,0.04,0.59,0.06,0.24
237,Cc1c(Nc2ccccc2C(=O)O)cccc1C(F)(F)F,True,0.06,0.0,0.34,0.66,0.05,0.14,0.01,0.09,0.01,0.95,0.03,0.02,0.8,0.05,0.01,0.01,0.4,0.03,0.06,0.33,0.05,0.29
238,Cc1ccc(Nc2ccccc2C(=O)O)cc1C(F)(F)F,True,0.07,0.0,0.36,0.68,0.09,0.24,0.01,0.09,0.01,0.89,0.06,0.04,0.91,0.03,0.02,0.01,0.41,0.04,0.04,0.34,0.09,0.23
239,Cc1cc(Nc2ccccc2C(=O)O)cc(C(F)(F)F)c1,True,0.05,0.0,0.13,0.35,0.03,0.05,0.0,0.02,0.0,0.87,0.01,0.01,0.52,0.02,0.0,0.0,0.14,0.01,0.01,0.14,0.02,0.07
240,Cc1ccc(C(F)(F)F)cc1Nc1ccccc1C(=O)O,True,0.1,0.0,0.12,0.37,0.04,0.11,0.0,0.01,0.0,0.9,0.02,0.02,0.7,0.02,0.01,0.0,0.11,0.01,0.01,0.12,0.04,0.05
241,O=C(O)c1ccccc1Nc1cccc(C(F)(F)F)c1Br,True,0.04,0.0,0.41,0.4,0.03,0.04,0.01,0.05,0.01,0.75,0.03,0.01,0.86,0.01,0.01,0.01,0.41,0.11,0.02,0.18,0.01,0.18
242,O=C(O)c1ccccc1Nc1ccc(Br)c(C(F)(F)F)c1,True,0.06,0.0,0.27,0.26,0.01,0.03,0.0,0.02,0.0,0.76,0.02,0.01,0.45,0.01,0.0,0.0,0.21,0.06,0.0,0.13,0.01,0.08
243,O=C(O)c1ccccc1Nc1cc(Br)cc(C(F)(F)F)c1,True,0.13,0.0,0.39,0.1,0.01,0.05,0.0,0.04,0.0,0.88,0.01,0.01,0.56,0.02,0.01,0.0,0.22,0.06,0.01,0.51,0.01,0.08
244,O=C(O)c1ccccc1Nc1cc(C(F)(F)F)ccc1Br,True,0.08,0.01,0.37,0.27,0.05,0.1,0.01,0.07,0.01,0.94,0.05,0.04,0.95,0.06,0.02,0.01,0.51,0.17,0.02,0.33,0.03,0.22
245,N#Cc1ccc(Nc2ccccc2C(=O)O)cc1C(F)(F)F,True,0.12,0.01,0.44,0.8,0.07,0.1,0.02,0.06,0.03,0.97,0.11,0.06,0.93,0.05,0.05,0.03,0.8,0.41,0.03,0.66,0.13,0.36
246,N#Cc1cc(Nc2ccccc2C(=O)O)cc(C(F)(F)F)c1,True,0.11,0.01,0.43,0.46,0.03,0.07,0.01,0.03,0.01,0.99,0.04,0.03,0.81,0.05,0.01,0.01,0.59,0.1,0.02,0.52,0.05,0.16
247,N#Cc1ccc(C(F)(F)F)cc1Nc1ccccc1C(=O)O,True,0.3,0.02,0.76,0.77,0.08,0.23,0.04,0.1,0.05,1.0,0.24,0.21,0.99,0.15,0.06,0.06,0.77,0.27,0.12,0.84,0.15,0.56
248,C#Cc1cc(Nc2ccccc2C(=O)O)cc(C(F)(F)F)c1,True,0.22,0.0,0.35,0.44,0.05,0.31,0.01,0.02,0.01,0.93,0.03,0.02,0.82,0.02,0.02,0.02,0.35,0.04,0.01,0.75,0.05,0.14
249,CC#Cc1cc(Nc2ccccc2C(=O)O)cc(C(F)(F)F)c1,True,0.4,0.0,0.3,0.76,0.06,0.15,0.01,0.03,0.01,0.91,0.03,0.03,0.75,0.02,0.02,0.01,0.36,0.03,0.01,0.73,0.06,0.17
250,O=C(O)c1ccccc1Nc1cc(C#CC2CCCC2)cc(C(F)(F)F)c1,True,0.11,0.0,0.08,0.2,0.03,0.02,0.01,0.09,0.0,0.72,0.02,0.03,0.7,0.02,0.01,0.0,0.07,0.01,0.11,0.07,0.01,0.07
251,O=C(O)c1ccccc1Nc1cccc(C(F)(F)F)n1,True,0.17,0.01,0.31,0.34,0.1,0.09,0.02,0.05,0.03,0.9,0.28,0.08,0.9,0.05,0.03,0.02,0.89,0.21,0.05,0.34,0.15,0.08
252,O=C(O)c1ccccc1Nc1ccnc(C(F)(F)F)c1,True,0.2,0.02,0.22,0.38,0.2,0.11,0.03,0.07,0.03,0.85,0.37,0.11,0.9,0.05,0.03,0.03,0.93,0.2,0.05,0.2,0.19,0.08
253,O=C(O)c1ccccc1Nc1cncc(C(F)(F)F)c1,True,0.12,0.01,0.51,0.42,0.06,0.07,0.02,0.06,0.02,0.99,0.11,0.06,0.92,0.09,0.02,0.02,0.69,0.06,0.05,0.6,0.1,0.4
254,O=C(O)c1ccccc1Nc1nccc(C(F)(F)F)n1,True,0.22,0.01,0.33,0.4,0.14,0.12,0.03,0.07,0.03,0.93,0.23,0.19,0.91,0.06,0.04,0.03,0.85,0.15,0.04,0.79,0.19,0.26
255,FC(F)(F)c1cccc(Nc2ccccc2-c2nn[nH]n2)n1,True,0.22,0.04,0.84,0.74,0.39,0.25,0.07,0.16,0.09,0.96,0.96,0.21,0.98,0.13,0.1,0.09,0.94,0.27,0.1,0.46,0.3,0.25
256,FC(F)(F)c1cc(Nc2ccccc2-c2nn[nH]n2)ccn1,True,0.16,0.03,0.43,0.66,0.46,0.18,0.04,0.15,0.06,0.91,0.95,0.2,0.96,0.09,0.06,0.06,0.9,0.19,0.07,0.32,0.23,0.11
257,FC(F)(F)c1ccnc(Nc2ccccc2-c2nn[nH]n2)c1,True,0.14,0.04,0.79,0.8,0.33,0.3,0.08,0.22,0.1,1.0,0.46,0.32,0.99,0.33,0.11,0.13,0.94,0.24,0.25,0.87,0.35,0.79
258,FC(F)(F)c1nccc(Nc2ccccc2-c2nn[nH]n2)n1,True,0.04,0.12,0.37,0.2,0.39,0.08,0.1,0.02,0.01,0.71,0.88,0.11,0.65,0.03,0.01,0.01,0.85,0.12,0.03,0.06,0.23,0.04
259,FC(F)(F)c1ccnc(Nc2ccccc2-c2nn[nH]n2)n1,True,0.15,0.02,0.8,0.52,0.19,0.18,0.04,0.09,0.06,0.99,0.88,0.16,0.96,0.08,0.06,0.06,0.91,0.18,0.1,0.81,0.2,0.52
260,Cc1cc(C(F)(F)F)nc(Nc2ccccc2-c2nn[nH]n2)n1,True,0.26,0.02,0.42,0.53,0.63,0.46,0.04,0.19,0.06,0.87,0.47,0.21,0.91,0.11,0.06,0.06,0.94,0.2,0.28,0.29,0.73,0.18
261,CC(C)(C)c1cc(C(F)(F)F)nc(Nc2ccccc2-c2nn[nH]n2)n1,True,0.09,0.0,0.02,0.05,0.08,0.03,0.01,0.02,0.0,0.54,0.03,0.07,0.09,0.03,0.0,0.0,0.06,0.0,0.02,0.06,0.02,0.01
262,O=c1cc(C(F)(F)F)nc(Nc2ccccc2-c2nn[nH]n2)[nH]1,True,0.53,0.06,0.75,0.77,0.59,0.7,0.11,0.28,0.16,1.0,0.55,0.43,0.99,0.27,0.2,0.2,0.97,0.57,0.32,0.61,0.56,0.33
263,FC(F)(F)c1cc(Cl)nc(Nc2ccccc2-c2nn[nH]n2)n1,True,0.61,0.2,0.87,0.89,0.61,0.8,0.2,0.39,0.28,1.0,0.97,0.65,0.99,0.35,0.4,0.3,0.98,0.93,0.5,0.78,0.64,0.58
264,FC(F)(F)c1cc(I)nc(Nc2ccccc2-c2nn[nH]n2)n1,True,0.62,0.13,0.85,0.8,0.49,0.84,0.14,0.55,0.21,0.91,0.97,0.44,0.99,0.28,0.31,0.21,0.95,0.86,0.59,0.63,0.36,0.59
265,N#Cc1cc(C(F)(F)F)nc(Nc2ccccc2-c2nn[nH]n2)n1,True,0.58,0.18,0.83,0.89,0.65,0.6,0.18,0.3,0.26,0.98,0.97,0.56,0.99,0.32,0.35,0.26,0.98,0.92,0.37,0.94,0.63,0.77
266,C#Cc1cc(C(F)(F)F)nc(Nc2ccccc2-c2nn[nH]n2)n1,True,0.23,0.03,0.46,0.52,0.25,0.22,0.04,0.08,0.05,0.99,0.36,0.17,0.94,0.1,0.07,0.05,0.93,0.71,0.03,0.44,0.23,0.14
267,CCCCOC(=O)CC(CC(=O)OCCCC)(OC(C)=O)C(=O)OCCCC,True,0.47,0.34,0.46,0.15,0.5,0.77,0.65,0.93,0.11,0.84,0.38,0.66,0.75,0.8,0.25,0.08,0.35,0.31,0.98,0.11,0.21,0.11
268,CCOc1cc(C=O)ccc1OC(=O)C(C)C,True,0.07,0.0,0.01,0.0,0.01,0.02,0.0,0.14,0.0,0.61,0.0,0.01,0.06,0.01,0.0,0.0,0.01,0.01,0.04,0.09,0.0,0.01
269,CC12CCC(C1)C(C)(C)C2=O,True,0.01,0.0,0.26,0.0,0.01,0.01,0.0,0.79,0.0,0.93,0.0,0.01,0.0,0.0,0.0,0.0,0.05,0.0,0.25,0.22,0.0,0.05
270,CC1(C)CCCC2(C)C1CCC1(C)OC(=O)CC12,True,0.07,0.0,0.01,0.0,0.01,0.0,0.0,0.5,0.0,0.02,0.0,0.0,0.0,0.0,0.0,0.0,0.01,0.0,0.34,0.01,0.0,0.0
271,CC1CCCCCCCCCCCCC(=O)C1,True,0.02,0.0,0.0,0.0,0.01,0.0,0.0,0.27,0.0,0.6,0.0,0.03,0.02,0.01,0.0,0.0,0.01,0.0,0.23,0.0,0.0,0.0
272,COc1cc(C=O)ccc1OC(=O)C(C)C,True,0.18,0.0,0.01,0.0,0.01,0.04,0.0,0.08,0.0,0.6,0.0,0.01,0.02,0.01,0.0,0.0,0.01,0.0,0.03,0.11,0.0,0.01
273,CCCCCCCC(=O)NC(C)C(=O)OC,True,0.45,0.0,0.12,0.01,0.04,0.02,0.01,0.66,0.01,0.11,0.02,0.08,0.09,0.02,0.0,0.0,0.03,0.01,0.14,0.01,0.01,0.01
274,CCCC(=O)NC(C)C(=O)OC,True,0.35,0.0,0.01,0.0,0.01,0.0,0.0,0.08,0.0,0.06,0.01,0.46,0.01,0.01,0.0,0.0,0.06,0.01,0.04,0.04,0.0,0.01
275,O=C(O)c1ccccc1Nc1ccccc1Nc1ccccc1,True,0.21,0.02,0.56,0.26,0.63,0.08,0.03,0.26,0.22,1.0,0.15,0.06,0.9,0.16,0.03,0.03,0.52,0.05,0.41,0.21,0.08,0.07
276,O=C(O)c1cc(F)c(F)cc1Nc1ccc2ccccc2c1,True,0.04,0.01,0.17,0.25,0.07,0.06,0.01,0.03,0.04,0.95,0.04,0.01,0.44,0.01,0.02,0.01,0.26,0.02,0.03,0.03,0.03,0.01
277,O=C(O)c1ccccc1NCc1cccc(C(F)(F)F)c1,True,0.02,0.0,0.24,0.48,0.03,0.03,0.0,0.02,0.01,0.96,0.03,0.02,0.75,0.03,0.01,0.01,0.28,0.02,0.02,0.19,0.07,0.26
278,CCc1cccc(Nc2ccccc2-c2nn[nH]n2)c1,True,0.11,0.01,0.58,0.11,0.08,0.05,0.02,0.07,0.02,0.98,0.13,0.27,0.64,0.05,0.02,0.02,0.31,0.04,0.39,0.11,0.08,0.04
279,FC(F)(F)c1cccc(Nc2ccccc2-c2nn[nH]n2)c1,True,0.11,0.03,0.78,0.84,0.28,0.18,0.05,0.15,0.07,1.0,0.36,0.25,0.98,0.25,0.07,0.09,0.88,0.15,0.11,0.8,0.25,0.7
280,FC(F)(F)c1cc(Nc2ccccc2-c2nn[nH]n2)cc(C(F)(F)F)c1,True,0.38,0.03,0.54,0.89,0.53,0.25,0.06,0.19,0.06,0.99,0.28,0.35,0.94,0.29,0.07,0.09,0.72,0.21,0.09,0.79,0.3,0.54
281,O=C(O)c1cccc2c1Nc1cc(C(F)(F)F)cc(C(F)(F)F)c1C=C2,True,0.07,0.0,0.08,0.71,0.06,0.07,0.0,0.01,0.0,0.91,0.01,0.02,0.41,0.02,0.01,0.01,0.38,0.06,0.0,0.16,0.03,0.04
282,CC(C)CC(N)C(=O)NC(CCCN=C(N)N)C(=O)N1CCCC1C(=O)O,True,0.9,0.02,0.78,0.06,0.25,0.31,0.03,0.92,0.05,0.37,0.06,0.24,0.35,0.1,0.03,0.02,0.18,0.09,0.68,0.51,0.04,0.06
283,NC(N)=NCCCC(NC(=O)C1CCCN1C(=O)C(Cc1ccccc1)NC(=O)C(N)Cc1ccccc1)C(=O)O,True,0.96,0.77,0.99,0.23,0.94,0.94,0.46,0.9,0.59,0.34,0.34,0.41,0.91,0.29,0.22,0.14,0.42,0.36,0.92,0.93,0.36,0.49
284,CC(C)C[C@H](NC(=O)[C@H](Cc1ccc(O)cc1)NC(=O)[C@H](CCC(N)=O)NC(=O)[C@@H]1CCCN1C(=O)[C@H](CC(C)C)NC(=O)[C@H](C)NC(=O)[C@@H](N)Cc1ccccc1)C(=O)O,True,0.93,0.1,0.96,0.23,0.86,0.84,0.21,0.99,0.59,0.16,0.18,0.26,0.86,0.5,0.16,0.1,0.31,0.21,0.82,0.89,0.1,0.27
285,CC(C)[C@H](NC(=O)[C@H](Cc1ccccc1)NC(=O)[C@@H](N)Cc1ccccc1)C(=O)N[C@@H](C)C(=O)N1CCC[C@H]1C(=O)N[C@@H](Cc1ccccc1)C(=O)N1CCC[C@H]1C(=O)N[C@@H](CCC(=O)O)C(=O)N[C@H](C(=O)N[C@@H](Cc1ccccc1)C(=O)NCC(=O)N[C@@H](CCCCN)C(=O)N[C@@H](CCC(=O)O)C(=O)O)C(C)C,True,0.9,0.55,0.87,0.43,0.96,0.94,0.54,0.95,0.34,0.49,0.33,0.37,0.81,0.74,0.26,0.21,0.45,0.34,0.96,0.88,0.36,0.5
286,CSCC[C@H](NC(=O)[C@@H](N)CCC(=O)O)C(=O)N1CCC[C@H]1C(=O)N[C@@H](Cc1ccccc1)C(=O)N1CCC[C@H]1C(=O)N[C@@H](CCCCN)C(=O)N[C@@H](Cc1ccc(O)cc1)C(=O)N1CCC[C@H]1C(=O)O,True,0.87,0.41,0.77,0.38,0.93,0.94,0.5,0.97,0.14,0.48,0.26,0.23,0.7,0.61,0.18,0.1,0.45,0.32,0.94,0.9,0.28,0.39
287,CC(C)(C)C(NC(=O)C(F)(F)F)C(=O)N1CC2C(C1C(=O)NC(C#N)CC1CCNC1=O)C2(C)C,False,0.57,0.0,0.16,0.02,0.35,0.21,0.02,0.5,0.01,0.08,0.42,0.1,0.13,0.09,0.02,0.01,0.03,0.01,0.28,0.07,0.01,0.02
288,CC(C)C(=NOS(=O)(=O)O)S[C@@H]1O[C@H](CO)[C@@H](O)[C@H](O)[C@H]1O,True,0.16,0.0,0.07,0.0,0.01,0.1,0.0,0.57,0.0,0.02,0.08,0.25,0.05,0.01,0.0,0.0,0.01,0.01,0.1,0.0,0.0,0.0
289,CC(N)C(=O)O,True,0.14,0.0,0.01,0.0,0.01,0.01,0.0,0.06,0.0,0.1,0.01,0.51,0.01,0.01,0.0,0.0,0.02,0.0,0.14,0.01,0.0,0.01
290,CCC(C)C(=O)C1=C(O)C(CC=C(C)C)=C(O)C(O)(CC=C(C)C)C1=O,True,0.91,0.03,0.38,0.1,0.16,0.21,0.07,0.6,0.05,0.64,0.52,0.73,0.1,0.4,0.29,0.03,0.69,0.09,0.94,0.13,0.08,0.23
291,C=C1CCC(O)C(C)=CC2OC(=O)C(C)C2CC1O,True,0.98,0.01,0.89,0.01,0.03,0.03,0.01,0.61,0.01,0.76,0.03,0.12,0.12,0.06,0.02,0.01,0.04,0.02,0.81,0.85,0.02,0.08
292,CC1=C2C3OC(=O)C(C)C3CCC2(C)C(=O)CC1,True,0.16,0.0,0.08,0.01,0.03,0.02,0.0,0.99,0.01,0.84,0.01,0.02,0.02,0.02,0.01,0.0,0.28,0.01,0.99,0.33,0.01,0.05
293,O=C(C=Cc1ccc(O)cc1O)c1ccccc1O,True,0.16,0.01,0.14,0.2,0.06,0.11,0.02,0.17,0.02,0.99,0.11,0.07,0.99,0.06,0.03,0.02,0.17,0.05,0.24,0.08,0.12,0.04
294,O=C(C=Cc1ccc(O)cc1)c1ccccc1,True,0.12,0.01,0.13,0.1,0.03,0.17,0.01,0.96,0.02,0.99,0.06,0.08,0.94,0.06,0.02,0.02,0.42,0.03,0.4,0.07,0.06,0.04
295,CCC(C)C(N)C(=O)NC(CCC(N)=O)C(=O)NC(Cc1c[nH]c2ccccc12)C(=O)O,True,0.99,0.05,0.99,0.1,0.71,0.65,0.13,0.77,0.41,0.15,0.21,0.49,0.91,0.29,0.17,0.06,0.39,0.14,0.46,0.9,0.09,0.22
296,N#C[C@H](O[C@@H]1O[C@H](CO)[C@@H](O)[C@H](O)[C@H]1O)c1ccccc1,True,0.02,0.0,0.02,0.01,0.01,0.01,0.0,0.01,0.0,0.08,0.83,0.01,0.06,0.0,0.0,0.0,0.36,0.01,0.03,0.01,0.0,0.0
297,O=C1CCN(c2cccc(F)c2)CC1,False,0.2,0.0,0.02,0.0,0.01,0.02,0.0,0.08,0.0,0.84,0.01,0.01,0.07,0.01,0.0,0.0,0.03,0.0,0.2,0.01,0.01,0.0
298,COc1cc(O)c2c(=O)c(-c3ccc(OC)c(O)c3)coc2c1,True,0.08,0.01,0.09,0.28,0.17,0.05,0.01,0.11,0.02,0.96,0.04,0.06,0.84,0.04,0.06,0.01,0.28,0.25,0.09,0.05,0.16,0.04
299,N#CC(O)c1ccc(O[C@@H]2O[C@H](CO)[C@@H](O)[C@H](O)[C@H]2O)cc1,True,0.02,0.0,0.25,0.03,0.02,0.03,0.0,0.03,0.01,0.08,0.84,0.01,0.17,0.01,0.0,0.0,0.64,0.01,0.08,0.03,0.01,0.01
300,NCC(=O)NC(Cc1ccccc1)C(=O)Nc1ccc2ccccc2c1,True,0.94,0.64,0.92,0.28,0.95,0.45,0.49,0.68,0.66,0.94,0.45,0.57,0.91,0.37,0.17,0.15,0.94,0.48,0.58,0.63,0.49,0.28
301,C/C1=C\CC(O)/C(C)=C/[C@H]2OC(=O)[C@@H](C)C2CC1,True,0.6,0.01,0.9,0.01,0.05,0.03,0.01,0.95,0.01,0.94,0.04,0.13,0.1,0.09,0.01,0.01,0.04,0.02,0.87,0.09,0.03,0.02
302,C[C@@]1(CO[C@H]2O[C@@H](CO)[C@H](O)[C@@H](O)[C@@H]2O)O[C@H]1C#N,True,0.06,0.0,0.12,0.01,0.04,0.02,0.0,0.65,0.01,0.2,0.31,0.06,0.38,0.01,0.01,0.0,0.04,0.01,0.03,0.01,0.01,0.01
303,COc1ccc(CCCOC(=O)CCc2ccc(OC)c(OC)c2)cc1OC,True,0.03,0.0,0.26,0.0,0.11,0.04,0.01,0.38,0.05,0.92,0.01,0.01,0.06,0.13,0.0,0.0,0.02,0.0,0.88,0.72,0.01,0.03
