,1,3,4,5,7,8,9,10,13,14,16,38,39,40,41,42,43,44,46,47,49,50
CC(C)=CC[C@@H]1C(=O)[C@@H](C(=O)CC(C)C)C(=O)C(CC=C(C)C)(CC=C(C)C)C1=O,1.0,,,,,,,,,1.0,,,,0.0,,,,,,,,
CC(C)=CC[C@@H]1C(=O)[C@@H](C(=O)CC(C)C)C(=O)[C@@](O)(CC=C(C)C)C1=O,1.0,,,,,,,,,0.0,,,,1.0,,,,,,,,
O=C(c1ccccc1)[C@H](O)c1ccccc1,0.0,0.0,0.0,0.0,0.0,0.0,0.0,1.0,0.0,1.0,0.0,0.0,0.0,0.0,0.0,0.0,0.0,0.0,0.0,0.0,0.0,0.0
C=C[C@@H]1C[N@@]2CC[C@@H]1C[C@H]2[C@H](O)c1ccnc2ccc(OC)cc12,0.0,0.0,1.0,0.0,1.0,0.0,0.0,1.0,0.0,1.0,0.0,0.0,1.0,1.0,0.0,0.0,1.0,1.0,1.0,0.0,0.0,0.0
CC1=C[C@H]2[C@@H]3[C@@H](C(C)=C4[C@H]3[C@](C)(O)CC[C@@H]3[C@@H](C)C(=O)O[C@@H]43)[C@]13[C@@H]2[C@@](C)(O)CC[C@@H]1[C@H](C)C(=O)O[C@@H]13,0.0,0.0,0.0,0.0,0.0,0.0,0.0,1.0,0.0,1.0,0.0,0.0,0.0,0.0,0.0,0.0,0.0,0.0,1.0,1.0,0.0,0.0
CC1=CC[C@@]23O[C@]2(C)CC[C@H]2[C@H](OC(=O)[C@@H]2C)[C@H]13,1.0,0.0,1.0,0.0,0.0,0.0,0.0,1.0,0.0,1.0,0.0,0.0,0.0,0.0,0.0,0.0,1.0,0.0,1.0,0.0,0.0,0.0
C=C1C(=O)O[C@H]2[C@H]3C(C)=CC[C@@]34O[C@@]4(C)CC[C@@H]12,0.0,0.0,0.0,0.0,0.0,0.0,0.0,1.0,0.0,1.0,0.0,0.0,0.0,0.0,0.0,0.0,1.0,0.0,1.0,0.0,0.0,0.0
COc1cccc2c1cc([N+](=O)[O-])c1c(C(=O)O)cc3c(c12)OCO3,0.0,0.0,0.0,0.0,0.0,0.0,0.0,0.0,0.0,1.0,0.0,0.0,0.0,0.0,0.0,0.0,1.0,1.0,0.0,0.0,0.0,0.0
C=C1CC[C@H]2C(=C)C(=O)O[C@@H]2/C=C(\C)CC[C@H]1O,0.0,0.0,1.0,0.0,0.0,0.0,0.0,1.0,0.0,1.0,0.0,0.0,0.0,0.0,0.0,0.0,0.0,0.0,1.0,1.0,0.0,0.0
Cn1c(=O)c2c(ncn2C)n(C)c1=O,0.0,0.0,0.0,0.0,1.0,0.0,0.0,1.0,0.0,1.0,0.0,0.0,0.0,0.0,0.0,0.0,1.0,0.0,1.0,0.0,0.0,0.0
CC(=O)O[C@@H]1C[C@]2(C)[C@H](CC[C@H](O)[C@]2(C)O)[C@@](C=O)(C[C@@H](O)c2ccoc2)[C@@H]1C,1.0,0.0,0.0,0.0,0.0,0.0,0.0,1.0,0.0,1.0,0.0,0.0,0.0,0.0,0.0,0.0,0.0,0.0,1.0,1.0,0.0,0.0
O=c1ccc2ccccc2o1,0.0,0.0,0.0,0.0,0.0,0.0,0.0,1.0,0.0,1.0,0.0,0.0,0.0,0.0,0.0,0.0,0.0,0.0,0.0,0.0,0.0,0.0
CC(=O)OC(C)(C)/C=C/C(=O)[C@](C)(O)[C@@H]1[C@H](O)C[C@]2(C)[C@H]3CC=C4[C@H](C[C@H](O)C(=O)C4(C)C)[C@@]3(C)C(=O)C[C@]12C,0.0,0.0,0.0,0.0,0.0,0.0,0.0,1.0,0.0,1.0,0.0,0.0,0.0,0.0,0.0,0.0,0.0,0.0,0.0,0.0,0.0,0.0
C=C[C@H](O)C#CC#C[C@H](O)/C=C/CCCCCCC,0.0,0.0,0.0,0.0,0.0,0.0,0.0,0.0,0.0,1.0,0.0,0.0,0.0,0.0,0.0,0.0,1.0,0.0,0.0,0.0,0.0,0.0
COc1ccc2c(c1OC)C(=O)O[C@@H]2[C@@H]1c2c(cc3c(c2OC)OCO3)CCN1C,0.0,0.0,0.0,0.0,0.0,0.0,0.0,0.0,0.0,1.0,0.0,0.0,0.0,0.0,0.0,0.0,0.0,0.0,0.0,0.0,0.0,0.0
COc1ccc(Cc2nccc3cc(OC)c(OC)cc23)cc1OC,0.0,0.0,0.0,0.0,1.0,0.0,0.0,1.0,0.0,1.0,0.0,0.0,0.0,0.0,0.0,0.0,0.0,0.0,0.0,0.0,0.0,0.0
C=C1C(=O)O[C@@H]2[C@@H]1CC/C(C)=C\CC[C@]1(C)O[C@H]21,1.0,0.0,1.0,0.0,0.0,1.0,0.0,1.0,0.0,1.0,0.0,0.0,0.0,0.0,0.0,0.0,0.0,1.0,1.0,0.0,0.0,0.0
COC1=C[C@@H](C)[C@@H]2C[C@H]3OC(=O)C[C@@H]4C(C)=C(OC)C(=O)[C@@H]([C@@]2(C)C1=O)[C@@]43C,0.0,0.0,1.0,0.0,0.0,0.0,0.0,1.0,0.0,1.0,0.0,0.0,0.0,0.0,0.0,0.0,0.0,0.0,1.0,1.0,0.0,0.0
Cn1cnc([N+](=O)[O-])c1Sc1ncnc2nc[nH]c12,0.0,0.0,1.0,0.0,0.0,0.0,0.0,1.0,0.0,0.0,0.0,0.0,1.0,0.0,0.0,0.0,0.0,0.0,1.0,0.0,0.0,0.0
Cn1cnc([N+](=O)[O-])c1Sc1ncnc2[nH]cnc12,0.0,0.0,0.0,0.0,0.0,0.0,0.0,0.0,0.0,1.0,0.0,0.0,0.0,0.0,0.0,0.0,0.0,0.0,0.0,0.0,0.0,0.0
NC(=O)c1ccccc1,0.0,0.0,0.0,0.0,0.0,0.0,0.0,0.0,0.0,1.0,0.0,0.0,0.0,0.0,0.0,0.0,0.0,0.0,1.0,0.0,0.0,0.0
CCC[C@@](C)(COC(N)=O)COC(=O)NC(C)C,0.0,0.0,0.0,0.0,0.0,0.0,0.0,0.0,0.0,1.0,0.0,0.0,0.0,0.0,0.0,0.0,0.0,0.0,0.0,0.0,0.0,0.0
NC(=N\CCCCCC/N=C(N)/N=C(\N)Nc1ccc(Cl)cc1)/N=C(\N)Nc1ccc(Cl)cc1,0.0,0.0,1.0,0.0,1.0,0.0,0.0,1.0,0.0,1.0,0.0,1.0,1.0,1.0,0.0,0.0,0.0,0.0,1.0,0.0,0.0,0.0
NC(=NCCCCCC/N=C(N)/N=C(\N)Nc1ccc(Cl)cc1)/N=C(\N)Nc1ccc(Cl)cc1,0.0,0.0,0.0,0.0,0.0,0.0,0.0,0.0,0.0,1.0,0.0,0.0,0.0,1.0,0.0,0.0,0.0,0.0,0.0,0.0,0.0,0.0
CN(C)CC[C@H](c1ccc(Cl)cc1)c1ccccn1,1.0,0.0,1.0,0.0,1.0,0.0,0.0,1.0,1.0,1.0,1.0,1.0,1.0,1.0,0.0,0.0,1.0,1.0,1.0,1.0,1.0,0.0
CN(C)CCOC(c1ccccc1)c1ccccc1,1.0,0.0,0.0,0.0,0.0,0.0,0.0,0.0,0.0,1.0,0.0,1.0,0.0,0.0,0.0,0.0,0.0,0.0,0.0,0.0,0.0,0.0
OC(CCCN1CCCCC1)(c1ccccc1)c1ccccc1,0.0,0.0,0.0,0.0,0.0,0.0,0.0,0.0,0.0,1.0,0.0,0.0,0.0,0.0,0.0,0.0,0.0,0.0,0.0,0.0,0.0,0.0
S=C(Nc1ccccc1)Nc1ccccc1,0.0,0.0,0.0,0.0,0.0,0.0,0.0,0.0,0.0,1.0,0.0,0.0,0.0,0.0,0.0,0.0,0.0,0.0,0.0,0.0,0.0,0.0
C=C[S+]([O-])C=C,0.0,0.0,0.0,0.0,0.0,0.0,0.0,1.0,0.0,1.0,0.0,0.0,0.0,0.0,0.0,0.0,0.0,0.0,0.0,0.0,0.0,0.0
O=C(O)c1ccccc1Nc1cccc(C(F)(F)F)c1,0.0,0.0,0.0,0.0,0.0,0.0,0.0,0.0,0.0,1.0,1.0,0.0,0.0,0.0,0.0,0.0,0.0,0.0,0.0,0.0,0.0,0.0
O=C(CCCN1CCC(O)(c2ccc(Cl)cc2)CC1)c1ccc(F)cc1,1.0,0.0,0.0,0.0,0.0,0.0,0.0,0.0,0.0,0.0,0.0,0.0,1.0,0.0,0.0,0.0,0.0,0.0,0.0,0.0,0.0,0.0
O=C(O)c1ccccc1,1.0,0.0,0.0,0.0,0.0,1.0,0.0,1.0,0.0,0.0,0.0,0.0,1.0,0.0,0.0,0.0,1.0,0.0,1.0,0.0,0.0,0.0
Cc1ncc(C[n+]2csc(CCO)c2C)c(N)n1,1.0,0.0,1.0,0.0,0.0,0.0,0.0,1.0,0.0,0.0,0.0,1.0,0.0,0.0,0.0,0.0,0.0,0.0,1.0,0.0,0.0,0.0
O=C(N[C@@H](CO)[C@H](O)c1ccc([N+](=O)[O-])cc1)C(Cl)Cl,1.0,0.0,1.0,0.0,0.0,0.0,0.0,0.0,0.0,0.0,0.0,0.0,1.0,0.0,0.0,0.0,1.0,0.0,1.0,1.0,0.0,1.0
COC(=O)[C@H]1[C@H]2C[C@H]3c4[nH]c5ccccc5c4CCN3C[C@H]2CC[C@H]1O,1.0,,,,,,,,,0.0,,,,1.0,,,,,,,,
C=C[C@H]1[C@H](O[C@H]2O[C@@H](CO)[C@@H](O)[C@@H](O)[C@H]2OC(=O)c2c(O)cc(O)cc2-c2cccc(O)c2)OC=C2C(=O)OCC[C@H]21,1.0,,,,,,,,,0.0,,,,1.0,,,,,,,,
CC[C@H](C)C(=O)[C@@H]1C(=O)[C@@H](CC=C(C)C)C(=O)[C@@](O)(CC=C(C)C)C1=O,1.0,,,,,,,,,0.0,,,,1.0,,,,,,,,
CC[C@H](C)C(=O)[C@@H]1C(=O)C(CC=C(C)C)=C(O)[C@@](O)(CC=C(C)C)C1=O,1.0,,,,,,,,,1.0,,,,1.0,,,,,,,,
CC(C)=CC[C@@H]1C(=O)[C@@H](C(=O)C(C)C)C(=O)[C@@](O)(CC=C(C)C)C1=O,1.0,,,,,,,,,1.0,,,,1.0,,,,,,,,
CC(C)=CC[C@@H]1C(=O)[C@@H](C(=O)C(C)C)C(=O)C(CC=C(C)C)(CC=C(C)C)C1=O,1.0,0.0,0.0,0.0,0.0,0.0,0.0,1.0,0.0,0.0,0.0,0.0,0.0,0.0,0.0,0.0,0.0,0.0,0.0,0.0,0.0,0.0
COc1cc(O)c(CC=C(C)C)c2c1C(=O)C[C@@H](c1ccc(O)cc1)O2,1.0,0.0,0.0,0.0,0.0,0.0,0.0,0.0,0.0,0.0,0.0,1.0,0.0,0.0,0.0,0.0,0.0,0.0,0.0,0.0,0.0,0.0
COc1cc(O)c(CC=C(C)C)c(O)c1C(=O)/C=C/c1ccc(O)cc1,1.0,,,,,,,,,1.0,,,,0.0,,,,,,,,
COc1ccc2c(c1)[C@@]13CCCC[C@H]1[C@@H](C2)N(C)CC3,1.0,,,,,,,,,1.0,,,,0.0,,,,,,,,
N#CS,1.0,,,,,,,,,1.0,,,,0.0,,,,,,,,
CC(C)=CCC(=O)[C@@]1(O)C(O)=C(C(=O)CC(C)C)C(=O)[C@H]1CC=C(C)C,1.0,,,,,,,,,1.0,,,,0.0,,,,,,,,
CC(C)=CCC(=O)[C@@]1(O)C(O)=C(C(=O)C(C)C)C(=O)[C@H]1CC=C(C)C,1.0,,,,,,,,,1.0,,,,0.0,,,,,,,,
CC[C@H](C)C(=O)[C@@H]1C(=O)[C@@H](CC=C(C)C)C(=O)C(CC=C(C)C)(CC=C(C)C)C1=O,1.0,,,,,,,,,1.0,,,,0.0,,,,,,,,
CC[C@H](C)C(=O)C1=C(O)[C@](O)(C(=O)CC=C(C)C)[C@H](CC=C(C)C)C1=O,1.0,,,,,,,,,1.0,,,,0.0,,,,,,,,
O=S(=O)(O)NC1CCCCC1,1.0,0.0,0.0,0.0,0.0,0.0,0.0,0.0,0.0,0.0,0.0,1.0,0.0,0.0,0.0,0.0,0.0,0.0,0.0,0.0,0.0,0.0
CCN(CC)CCC[C@H](C)Nc1ccnc2cc(Cl)ccc12,0.0,1.0,0.0,0.0,0.0,0.0,0.0,1.0,0.0,1.0,0.0,0.0,1.0,0.0,0.0,0.0,0.0,0.0,0.0,0.0,0.0,0.0
CC(C)=CCc1c(O)cc(O)c2c1O[C@H](c1ccc(O)cc1)CC2=O,0.0,,,,,,,,,1.0,,,,0.0,,,,,,,,
C=C(C)[C@@H]1[C@@H]2OC(=O)[C@H]1[C@@]1(O)C[C@@H]3O[C@@]34C(=O)O[C@@H]2[C@@]14C,1.0,0.0,0.0,0.0,0.0,0.0,0.0,1.0,0.0,1.0,0.0,0.0,0.0,0.0,0.0,0.0,0.0,0.0,1.0,1.0,0.0,0.0
CC(C)[C@]12CC(=O)[C@H](C)[C@H]1C2,0.0,0.0,0.0,0.0,0.0,0.0,0.0,1.0,0.0,1.0,0.0,0.0,0.0,0.0,0.0,0.0,0.0,0.0,0.0,0.0,0.0,0.0
COc1cc2c(cc1OC)[C@@]13CCN4CC5=CCO[C@@H]6CC(=O)N2[C@H]1[C@@H]6[C@@H]5C[C@@H]43,0.0,0.0,0.0,0.0,0.0,0.0,0.0,1.0,0.0,0.0,0.0,0.0,0.0,0.0,0.0,0.0,0.0,0.0,1.0,0.0,0.0,0.0
COc1cc2c(c(OC)c1OC)-c1ccc(OC)c(=O)cc1[C@H](NC(C)=O)CC2,0.0,0.0,1.0,0.0,0.0,0.0,0.0,0.0,0.0,0.0,0.0,0.0,1.0,0.0,0.0,0.0,0.0,0.0,1.0,0.0,0.0,0.0
Nc1ccc(S(=O)(=O)c2ccc(N)cc2)cc1,0.0,0.0,1.0,0.0,0.0,0.0,0.0,1.0,0.0,0.0,0.0,0.0,0.0,1.0,0.0,0.0,0.0,0.0,0.0,0.0,0.0,0.0
CC[N+](CC)(CC(=O)Nc1c(C)cccc1C)Cc1ccccc1,0.0,0.0,1.0,0.0,0.0,1.0,0.0,1.0,1.0,0.0,0.0,0.0,1.0,0.0,0.0,0.0,1.0,0.0,1.0,1.0,0.0,0.0
c1cnc2c(c1)ccc1cccnc12,0.0,0.0,0.0,1.0,0.0,0.0,0.0,0.0,0.0,0.0,0.0,0.0,0.0,0.0,0.0,0.0,0.0,0.0,0.0,0.0,0.0,0.0
O=C(O)c1cc(=O)c2cc(OC[C@H](O)COc3cccc4oc(C(=O)O)cc(=O)c34)ccc2o1,0.0,0.0,0.0,0.0,1.0,0.0,0.0,0.0,0.0,0.0,0.0,0.0,0.0,0.0,0.0,0.0,1.0,0.0,0.0,0.0,1.0,0.0
CC(=O)OC(C)(C)/C=C/C(=O)[C@](C)(O)[C@@H]1[C@H](O)C[C@@]2(C)[C@@H]3CC=C4[C@H](C=C(O)C(=O)C4(C)C)[C@]3(C)C(=O)C[C@@]12C,0.0,0.0,0.0,0.0,0.0,0.0,0.0,1.0,0.0,0.0,0.0,0.0,0.0,0.0,0.0,0.0,0.0,0.0,0.0,0.0,0.0,0.0
C[C@H]1C[C@@H]([C@@H](O)CC2CC(=O)NC(=O)C2)C(=O)[C@@H](C)C1,0.0,0.0,0.0,0.0,0.0,0.0,0.0,1.0,0.0,0.0,0.0,0.0,0.0,0.0,0.0,0.0,0.0,0.0,0.0,0.0,0.0,0.0
CC[C@H]1OC(=O)[C@@H](C)[C@@H](O[C@@H]2C[C@@](C)(OC)[C@H](O)[C@H](C)O2)[C@@H](C)[C@@H](O[C@H]2O[C@@H](C)C[C@@H](N(C)C)[C@H]2O)[C@](C)(O)C[C@@H](C)C(=O)[C@@H](C)[C@@H](O)[C@]1(C)O,0.0,0.0,0.0,0.0,0.0,0.0,0.0,1.0,0.0,0.0,0.0,0.0,0.0,0.0,0.0,0.0,0.0,0.0,0.0,0.0,0.0,0.0
O=C1C[C@H]2OCC=C3C[N@]4CC[C@]56c7ccccc7N1[C@H]5[C@@H]2[C@H]3C[C@H]46,0.0,0.0,0.0,0.0,0.0,0.0,0.0,1.0,0.0,0.0,0.0,0.0,0.0,0.0,0.0,0.0,0.0,0.0,1.0,0.0,0.0,0.0
N=C(N)Nc1nc(CSCC/C(N)=N/S(N)(=O)=O)cs1,0.0,0.0,0.0,0.0,0.0,0.0,0.0,1.0,0.0,0.0,0.0,0.0,0.0,0.0,0.0,0.0,0.0,1.0,0.0,0.0,0.0,0.0
N#C[C@H](O[C@H]1O[C@@H](CO[C@H]2O[C@@H](CO)[C@@H](O)[C@@H](O)[C@H]2O)[C@@H](O)[C@@H](O)[C@H]1O)c1ccccc1,0.0,0.0,0.0,0.0,0.0,0.0,0.0,0.0,0.0,0.0,1.0,0.0,0.0,0.0,0.0,0.0,0.0,0.0,0.0,0.0,0.0,0.0
OC[C@@H]1O[C@H](Oc2ccc(O)cc2)[C@H](O)[C@H](O)[C@@H]1O,0.0,0.0,0.0,0.0,0.0,0.0,0.0,0.0,0.0,0.0,1.0,0.0,0.0,0.0,0.0,0.0,0.0,0.0,0.0,0.0,0.0,0.0
O=Cc1ccccc1O[C@H]1O[C@@H](CO)[C@@H](O)[C@@H](O)[C@H]1O,0.0,0.0,0.0,0.0,0.0,0.0,0.0,0.0,0.0,0.0,1.0,0.0,0.0,0.0,0.0,0.0,1.0,0.0,0.0,0.0,0.0,0.0
C=CC/C(=N\OS(=O)(=O)O)S[C@@H]1O[C@H](CO)[C@@H](O)[C@H](O)[C@H]1O,0.0,0.0,0.0,0.0,0.0,0.0,0.0,0.0,0.0,0.0,1.0,1.0,0.0,0.0,0.0,0.0,0.0,0.0,0.0,0.0,0.0,0.0
CC(=O)NC(N)=S,0.0,0.0,0.0,0.0,0.0,0.0,0.0,0.0,0.0,0.0,0.0,1.0,0.0,0.0,0.0,0.0,0.0,0.0,0.0,0.0,0.0,0.0
C=CCN=C=S,0.0,0.0,0.0,0.0,0.0,0.0,0.0,0.0,0.0,0.0,0.0,1.0,0.0,0.0,0.0,0.0,0.0,0.0,0.0,0.0,0.0,0.0
O=C1CCCCCN1,0.0,0.0,0.0,0.0,0.0,0.0,0.0,0.0,0.0,0.0,0.0,1.0,0.0,0.0,0.0,0.0,0.0,0.0,0.0,0.0,0.0,0.0
CN(C)C=S,0.0,0.0,0.0,0.0,0.0,0.0,0.0,0.0,0.0,0.0,0.0,1.0,0.0,0.0,0.0,0.0,0.0,0.0,0.0,0.0,0.0,0.0
CCc1cnccn1,0.0,0.0,0.0,0.0,0.0,0.0,0.0,0.0,0.0,0.0,0.0,1.0,0.0,0.0,0.0,0.0,0.0,0.0,0.0,0.0,0.0,0.0
CCNC(N)=S,0.0,0.0,0.0,0.0,0.0,0.0,0.0,0.0,0.0,0.0,0.0,1.0,0.0,0.0,0.0,0.0,0.0,0.0,0.0,0.0,0.0,0.0
S=C1NCCN1,0.0,0.0,0.0,0.0,0.0,0.0,0.0,0.0,0.0,0.0,0.0,1.0,0.0,0.0,0.0,0.0,0.0,0.0,0.0,0.0,0.0,0.0
CC1(C)O[C@@H]2CC(=O)OC[C@]23[C@@H]1CC(=O)[C@@]1(C)[C@@H]3CC[C@]2(C)[C@H](c3ccoc3)OC(=O)[C@@H]3O[C@]312,0.0,0.0,0.0,0.0,0.0,0.0,0.0,0.0,0.0,0.0,0.0,1.0,0.0,0.0,0.0,0.0,0.0,0.0,0.0,0.0,0.0,0.0
Cn1cc[nH]c1=S,0.0,0.0,0.0,0.0,0.0,0.0,0.0,0.0,0.0,0.0,0.0,1.0,0.0,0.0,0.0,0.0,0.0,0.0,0.0,0.0,0.0,0.0
CNC(N)=S,0.0,0.0,0.0,0.0,0.0,0.0,0.0,0.0,0.0,0.0,0.0,1.0,0.0,0.0,0.0,0.0,0.0,0.0,0.0,0.0,0.0,0.0
S=C=NCCc1ccccc1,0.0,0.0,0.0,0.0,0.0,0.0,0.0,0.0,0.0,0.0,0.0,1.0,0.0,0.0,0.0,0.0,0.0,0.0,0.0,0.0,0.0,0.0
NC(=S)Nc1ccccc1,0.0,0.0,0.0,0.0,0.0,0.0,0.0,0.0,0.0,0.0,0.0,1.0,0.0,0.0,0.0,0.0,0.0,0.0,0.0,0.0,0.0,0.0
CCCc1cc(=O)[nH]c(=S)[nH]1,0.0,0.0,0.0,0.0,0.0,0.0,0.0,0.0,0.0,0.0,0.0,1.0,0.0,0.0,0.0,0.0,0.0,0.0,0.0,0.0,0.0,0.0
CC(=O)Nc1ccc(O)cc1,0.0,0.0,0.0,0.0,0.0,0.0,0.0,0.0,0.0,0.0,0.0,0.0,1.0,0.0,0.0,0.0,0.0,0.0,0.0,0.0,0.0,0.0
CC1=CC(=O)NS(=O)(=O)O1,0.0,0.0,0.0,0.0,0.0,0.0,0.0,0.0,0.0,0.0,0.0,0.0,0.0,0.0,0.0,0.0,1.0,1.0,0.0,0.0,0.0,0.0
O=C1c2c(O)cccc2[C@H]([C@H]2O[C@@H](CO)[C@@H](O)[C@@H](O)[C@H]2O)c2cc(CO)cc(O)c21,0.0,0.0,0.0,0.0,0.0,0.0,0.0,0.0,0.0,0.0,0.0,0.0,0.0,0.0,0.0,0.0,1.0,1.0,0.0,0.0,0.0,0.0
C=C1C(=O)O[C@H]2[C@H]1[C@@H](O)CC(=C)[C@H]1CC(=O)[C@H](C)[C@@H]21,0.0,0.0,0.0,0.0,0.0,0.0,0.0,0.0,0.0,0.0,0.0,0.0,0.0,0.0,0.0,0.0,1.0,0.0,1.0,0.0,0.0,0.0
O=C1NS(=O)(=O)c2ccccc21,0.0,0.0,0.0,0.0,0.0,0.0,0.0,0.0,0.0,0.0,0.0,0.0,0.0,0.0,0.0,0.0,1.0,1.0,0.0,0.0,0.0,0.0
C=C1CC[C@H]2[C@](C)(CC[C@H](O)[C@@]2(C)CO)[C@@H]1C/C=C1\C(=O)OC[C@H]1O,0.0,0.0,0.0,0.0,0.0,0.0,0.0,0.0,0.0,0.0,0.0,0.0,0.0,0.0,0.0,0.0,0.0,0.0,1.0,1.0,0.0,1.0
C=C1C(=O)O[C@H]2/C=C(/CO)CC/C=C(/C)C[C@@H](OC(=O)C(=C)[C@@H](O)CO)[C@@H]12,0.0,0.0,0.0,0.0,0.0,0.0,0.0,0.0,0.0,0.0,0.0,0.0,0.0,0.0,0.0,0.0,0.0,0.0,1.0,0.0,0.0,0.0
C=C1C(=O)O[C@H]2[C@@H]1C/C=C1\C[C@@](C)(CC[C@@H]1OO)[C@@H]2O,0.0,0.0,0.0,0.0,0.0,0.0,0.0,0.0,0.0,0.0,0.0,0.0,0.0,0.0,0.0,0.0,0.0,0.0,1.0,0.0,0.0,0.0
C[C@]12CCC(=O)C=C1CC[C@@H]1[C@@H]2[C@H](O)C[C@]2(C)[C@H]1CC[C@@]2(O)C(=O)CO,0.0,0.0,0.0,0.0,0.0,0.0,0.0,0.0,0.0,0.0,0.0,0.0,0.0,0.0,0.0,0.0,0.0,0.0,1.0,0.0,0.0,0.0
Cc1ccccc1[C@@H](OCCN(C)C)c1ccccc1,0.0,0.0,0.0,0.0,0.0,0.0,0.0,0.0,0.0,0.0,0.0,0.0,0.0,0.0,0.0,0.0,0.0,0.0,1.0,0.0,0.0,0.0
C=C1C(=O)O[C@H]2CC(=C)[C@H](O)CC/C(C)=C/[C@H](O)[C@@H]12,0.0,0.0,0.0,0.0,0.0,0.0,0.0,0.0,0.0,0.0,0.0,0.0,0.0,0.0,0.0,0.0,0.0,0.0,1.0,0.0,0.0,0.0
Cc1c(Cl)cccc1Nc1ncccc1C(=O)O,,,,,,,,,,1.0,,,,,,,,,,,,
O=C(O)c1cc2ccccc2o1,0.0,0.0,0.0,0.0,0.0,0.0,0.0,0.0,0.0,1.0,0.0,0.0,0.0,0.0,0.0,0.0,0.0,0.0,0.0,0.0,0.0,0.0
O=C(O)c1cc(I)cc(I)c1O,,,,,,,,,,1.0,,,,,,,,,,,,
OC[C@H]1O[C@@H](OC[C@H]2O[C@@H](O)[C@@H](O)[C@@H](O)[C@H]2O)[C@@H](O)[C@@H](O)[C@H]1O,,,,,,,,,,,1.0,,,,,,,,,,,
COc1c2occc2cc2ccc(=O)oc12,0.0,0.0,0.0,0.0,0.0,0.0,0.0,1.0,0.0,1.0,0.0,0.0,0.0,0.0,0.0,0.0,0.0,0.0,1.0,0.0,1.0,0.0
Cc1cc(=O)[nH]c(=S)[nH]1,0.0,0.0,0.0,0.0,0.0,0.0,0.0,0.0,0.0,0.0,0.0,1.0,0.0,0.0,0.0,0.0,0.0,0.0,0.0,0.0,0.0,0.0
CC(=O)O[C@H]1CC(=O)OC(C)(C)[C@@H]2CC(=O)[C@]3(C)[C@H](CC[C@@]4(C)[C@H](c5ccoc5)OC(=O)[C@H]5O[C@]543)[C@@]12C,0.0,0.0,1.0,0.0,0.0,0.0,0.0,0.0,0.0,1.0,0.0,0.0,0.0,0.0,0.0,0.0,0.0,0.0,1.0,0.0,0.0,0.0
COc1ccc(C(=O)c2ccccc2C(=O)O)cc1,,,,,,,,,,1.0,,,,,,,,,,,,
OCc1ccccc1O[C@H]1O[C@@H](CO)[C@@H](O)[C@@H](O)[C@H]1O,0.0,0.0,0.0,0.0,0.0,0.0,0.0,0.0,0.0,0.0,1.0,0.0,0.0,0.0,0.0,0.0,0.0,0.0,0.0,0.0,0.0,0.0
CC1=C2[C@@H]3OC(=O)[C@H](C)[C@H]3[C@H](O)C[C@]2(C)C=CC1=O,,,,,,,,,,,,,,,,,,,1.0,,,
CC1=C2[C@H]3OC(=O)[C@H](C)[C@H]3CC[C@@]2(C)C=CC1=O,0.0,0.0,0.0,0.0,0.0,0.0,0.0,1.0,0.0,1.0,0.0,0.0,0.0,0.0,0.0,0.0,0.0,0.0,1.0,0.0,0.0,0.0
CC(=O)OC[C@@H]1O[C@](COC(C)=O)(O[C@@H]2O[C@H](COC(C)=O)[C@H](OC(C)=O)[C@H](OC(C)=O)[C@@H]2OC(C)=O)[C@H](OC(C)=O)[C@@H]1OC(C)=O,0.0,0.0,0.0,0.0,0.0,0.0,0.0,0.0,0.0,0.0,0.0,0.0,0.0,0.0,0.0,0.0,0.0,0.0,1.0,0.0,0.0,0.0
O=C1C[C@H](c2ccc(O)cc2)Oc2cc(O)cc(O)c21,0.0,0.0,0.0,0.0,0.0,0.0,0.0,0.0,0.0,1.0,0.0,0.0,1.0,0.0,0.0,0.0,0.0,0.0,0.0,0.0,0.0,0.0
OC[C@H]1O[C@@H](Oc2ccccc2)[C@H](O)[C@@H](O)[C@@H]1O,0.0,0.0,0.0,0.0,0.0,0.0,0.0,0.0,0.0,0.0,1.0,0.0,0.0,0.0,0.0,0.0,0.0,0.0,0.0,0.0,0.0,0.0
C=C(CO)C(=O)O[C@H]1CC(=C)[C@@H]2C[C@H](O)C(=C)[C@H]2[C@H]2OC(=O)C(=C)[C@H]21,,,,,,,,,,,,,,,,,,,1.0,,,
O=c1ccc2ccc(O)cc2o1,0.0,0.0,0.0,0.0,0.0,0.0,0.0,0.0,0.0,1.0,0.0,0.0,0.0,0.0,0.0,0.0,0.0,0.0,0.0,0.0,0.0,0.0
C[C@@H]1COc2c(N3CCN(C)CC3)c(F)cc3c(=O)c(C(=O)O)cn1c23,,,,,,,1.0,,,,,,,,,,,,,,,
CCN(CC)CCNC(=O)c1ccc(N)cc1,,,,,,,1.0,,,,,,,,,,,,,,,
CN1CCN(CC(=O)N2c3ccccc3C(=O)Nc3cccnc32)CC1,,,,,,,1.0,,,,,,,,,,,,,,,
CC1(C)[C@H]2CC[C@]1(C)C(=O)C2,0.0,0.0,1.0,0.0,0.0,0.0,0.0,1.0,0.0,1.0,0.0,0.0,0.0,0.0,0.0,0.0,0.0,0.0,0.0,1.0,0.0,0.0
NCCS(=O)(=O)O,,,,,,,,,,,,,,,,,,,1.0,,,
Cn1cnc2c1c(=O)[nH]c(=O)n2C,0.0,0.0,0.0,0.0,0.0,0.0,0.0,0.0,0.0,1.0,0.0,0.0,0.0,0.0,0.0,0.0,0.0,0.0,0.0,0.0,0.0,0.0
N[C@H](Cc1ccccc1)C(=O)O,1.0,,0.0,,,,,,,0.0,,,0.0,,,,,,0.0,,,
O=c1c(-c2ccc(O)cc2)coc2cc(O)cc(O)c12,0.0,0.0,0.0,0.0,0.0,0.0,0.0,0.0,0.0,1.0,0.0,0.0,1.0,0.0,0.0,0.0,0.0,0.0,0.0,0.0,0.0,0.0
Oc1ccc([C@@H]2COc3cc(O)ccc3C2)cc1,,,,,,,,,,1.0,,,1.0,,,,,,,,,
COc1ccc2cc3[n+](cc2c1OC)CCc1cc2c(cc1-3)OCO2,0.0,0.0,0.0,0.0,0.0,0.0,0.0,0.0,0.0,0.0,0.0,0.0,0.0,0.0,0.0,0.0,0.0,0.0,1.0,0.0,0.0,0.0
O=C(O[C@H]1Cc2c(O)cc(O)cc2O[C@H]1c1cc(O)c(O)c(O)c1)c1cc(O)c(O)c(O)c1,0.0,0.0,1.0,1.0,0.0,0.0,0.0,0.0,0.0,1.0,0.0,0.0,1.0,0.0,0.0,0.0,1.0,0.0,0.0,1.0,0.0,0.0
COc1ccc(-c2cc(=O)c3c(OC)c(OC)c(OC)c(OC)c3o2)cc1,0.0,0.0,0.0,0.0,0.0,0.0,0.0,0.0,0.0,1.0,0.0,0.0,0.0,0.0,0.0,0.0,0.0,0.0,1.0,0.0,0.0,0.0
COc1ccc(-c2cc(=O)c3c(OC)c(OC)c(OC)c(OC)c3o2)cc1OC,0.0,0.0,0.0,0.0,0.0,0.0,0.0,0.0,0.0,1.0,0.0,0.0,0.0,0.0,0.0,0.0,0.0,0.0,1.0,0.0,0.0,0.0
Oc1cc(O)c2c(c1)O[C@H](c1ccc(O)c(O)c1)[C@H](O)C2,0.0,0.0,1.0,1.0,0.0,0.0,0.0,0.0,0.0,0.0,0.0,0.0,1.0,0.0,0.0,0.0,0.0,0.0,0.0,0.0,0.0,0.0
Oc1cc(O)c2c(c1)O[C@@H](c1cc(O)c(O)c(O)c1)[C@@H](O)C2,,,,,,,,,,0.0,,,1.0,,,,,,,,,
O=C(O[C@H]1Cc2c(O)cc(O)cc2O[C@H]1c1ccc(O)c(O)c1)c1cc(O)c(O)c(O)c1,,,,,,,,,,,,,1.0,,,,,,,,,
O=c1c(-c2ccc(O)cc2)coc2cc(O[C@H]3O[C@@H](CO)[C@@H](O)[C@@H](O)[C@H]3O)cc(O)c12,,,,,,,,,,0.0,,,1.0,,,,,,,,,
O=c1oc2cc(O)ccc2c2oc3cc(O)ccc3c12,,,,,,,,,,1.0,,,1.0,,,,,,,,,
N[C@H](Cc1c[nH]c2ccccc12)C(=O)O,0.0,,1.0,,,,,,,0.0,,,0.0,,,,,,0.0,,,
CC(C)C[C@@H](N)C(=O)N[C@H](Cc1c[nH]c2ccccc12)C(=O)O,1.0,,1.0,,,,,,,0.0,,,1.0,,,,,,0.0,,,
N[C@H](Cc1ccccc1)C(=O)N[C@H](Cc1c[nH]c2ccccc12)C(=O)O,1.0,,1.0,,,,,,,0.0,,,0.0,,,,,,0.0,,,
CC(C)C[C@@H](NC(=O)[C@@H](N)Cc1c[nH]c2ccccc12)C(=O)O,0.0,,1.0,,,,,,,0.0,,,0.0,,,,,,0.0,,,
N[C@@H](Cc1c[nH]c2ccccc12)C(=O)N[C@H](Cc1ccccc1)C(=O)O,0.0,,1.0,,,,,,,0.0,,,0.0,,,,,,0.0,,,
N[C@H](Cc1c[nH]c2ccccc12)C(=O)N[C@H](Cc1c[nH]c2ccccc12)C(=O)O,1.0,,1.0,,,,,,,0.0,,,1.0,,,,,,0.0,,,
CC(C)C[C@@H](N)C(=O)N[C@H](CC(C)C)C(=O)N[C@H](CC(C)C)C(=O)O,0.0,,1.0,,,,,,,0.0,,,0.0,,,,,,0.0,,,
CC(C)C[C@@H](NC(=O)CN)C(=O)O,1.0,,0.0,,,,,,,0.0,,,0.0,,,,,,0.0,,,
NCC(=O)N[C@H](Cc1ccccc1)C(=O)O,1.0,,,,,,,,,,,,,,,,,,,,,
CC(C)C[C@@H](NC(=O)[C@@H](N)Cc1ccccc1)C(=O)O,1.0,,,,,,,,,,,,,,,,,,,,,
N=C(N)NCCC[C@@H](NC(=O)[C@H]1CCCN1)C(=O)O,,,,,,,,,,,,,1.0,,,,,,,,,
N[C@H](Cc1ccccc1)C(=O)N[C@H](Cc1ccccc1)C(=O)N[C@H](Cc1ccccc1)C(=O)O,1.0,,,,,,,,,,,,,,,,,,,,,
O=C1NS(=O)(=O)c2cc([N+](=O)[O-])ccc21,,,,,,,,,,,,1.0,,,,,,1.0,,,,
O=c1cc(-c2ccccc2)oc2cc(O)cc(O)c12,,,,,,,,,,1.0,,,1.0,,,,,,,,,
COc1cc(-c2cc(=O)c3c(O)cc(O)cc3o2)ccc1O,,,,,,,,,,1.0,,,,,,,,,,,,
O=c1cc(-c2ccccc2O)oc2cccc(O)c12,,,,,,,,,,0.0,,,1.0,,,,,,,,,
O=c1cc(-c2ccc(O)cc2)oc2cccc(O)c12,,,,,,,,,,1.0,,,1.0,,,,,,,,,
O=c1cc(-c2ccc(O)cc2)oc2ccc(O)cc12,,,,,,,,,,1.0,,,1.0,,,,,,,,,
O=c1cc(-c2ccc(O)cc2)oc2cc(O)ccc12,,,,,,,,,,1.0,,,1.0,,,,,,,,,
COc1cc(OC)c2c(=O)cc(-c3ccccc3)oc2c1,,,,,,,,,,1.0,,,1.0,,,,,,,,,
COc1cc2oc(-c3ccccc3)cc(=O)c2cc1OC,,,,,,,,,,1.0,,,0.0,,,,,,,,,
O=c1cc(-c2ccccc2)oc2ccccc12,,,,,,,,,,1.0,,,1.0,,,,,,,,,
COc1cc(O)c2c(=O)cc(-c3ccc(O)cc3)oc2c1,,,,,,,,,,0.0,,,1.0,,,,,,,,,
O=c1cc(-c2ccccc2)oc2cccc(O)c12,,,,,,,,,,,,,1.0,,,,,,,,,
O=c1cc(-c2ccc(O)cc2)oc2ccccc12,,,,,,,,,,,,,1.0,,,,,,,,,
COc1ccc2oc(-c3ccc(O)cc3)cc(=O)c2c1,,,,,,,,,,1.0,,,0.0,,,,,,,,,
COc1ccc2c(=O)cc(-c3ccc(O)cc3)oc2c1,,,,,,,,,,1.0,,,1.0,,,,,,,,,
O=c1cc(-c2ccc(O)c(O)c2)oc2cc(O)cc(O)c12,,,,,,,,,,1.0,,,1.0,,,,,,,,,
COc1c(O)cc2oc(-c3ccc(O)c(O)c3)cc(=O)c2c1O,,,,,,,,,,1.0,,,1.0,,,,,,,,,
O=c1cc(-c2ccc(O)cc2)oc2cc(O)c(O)c(O)c12,,,,,,,,,,1.0,,,1.0,,,,,,,,,
O=c1cc(-c2cc(O)c(O)c(O)c2)oc2cc(O)cc(O)c12,,,,,,,,,,,,,1.0,,,,,,,,,
O=c1cc(-c2ccccc2O)oc2cc(O)cc(O)c12,,,,,,,,,,1.0,,,1.0,,,,,,,,,
O=c1cc(-c2ccc(O)c(O)c2)oc2cc(O)ccc12,,,,,,,,,,1.0,,,1.0,,,,,,,,,
COc1ccc(-c2cc(=O)c3c(OC)cc(OC)cc3o2)cc1,,,,,,,,,,1.0,,,,,,,,,,,,
O=c1c(O)c(-c2ccccc2O)oc2cc(O)cc(O)c12,,,,,,,,,,1.0,,,1.0,,,,,,,,,
O=c1c(O)c(-c2ccc(O)c(O)c2)oc2c(O)c(O)cc(O)c12,,,,,,,,,,0.0,,,1.0,,,,,,,,,
O=c1c(O)c(-c2ccc(O)cc2)oc2c(O)c(O)cc(O)c12,,,,,,,,,,1.0,,,1.0,,,,,,,,,
COc1cc(-c2oc3cc(O)cc(O)c3c(=O)c2O)ccc1O,,,,,,,,,,1.0,,,1.0,,,,,,,,,
O=c1c(O)c(-c2ccc(O)cc2)oc2cc(O)cc(O)c12,,,,,,,,,,1.0,,,1.0,,,,,,,,,
O=c1c(O)c(-c2ccc(O)cc2O)oc2cc(O)cc(O)c12,,,,,,,,,,1.0,,,1.0,,,,,,,,,
O=c1c(O)c(-c2cc(O)c(O)c(O)c2)oc2cc(O)cc(O)c12,,,,,,,,,,1.0,,,1.0,,,,,,,,,
O=c1c(O)c(-c2ccc(O)c(O)c2)oc2cc(O)c(O)c(O)c12,,,,,,,,,,1.0,,,1.0,,,,,,,,,
O=c1c(O)c(-c2ccc(O)c(O)c2)oc2ccc(O)cc12,,,,,,,,,,1.0,,,1.0,,,,,,,,,
O=c1c(O)c(-c2ccc(O)cc2)oc2cc(O)ccc12,,,,,,,,,,1.0,,,1.0,,,,,,,,,
O=C1C[C@H](c2ccc(O)c(O)c2)Oc2cc(O)cc(O)c21,,,,,,,,,,1.0,,,1.0,,,,,,,,,
O=C1C[C@H](c2ccccc2)Oc2ccccc21,,,,,,,,,,1.0,,,,,,,,,,,,
COc1ccc([C@@H]2CC(=O)c3c(O)cc(O)cc3O2)cc1O,,,,,,,,,,1.0,,,1.0,,,,,,,,,
COc1cc([C@@H]2CC(=O)c3c(O)cc(O)cc3O2)ccc1O,,,,,,,,,,1.0,,,1.0,,,,,,,,,
O=C1C[C@H](c2ccc(O)cc2)Oc2cc(O)ccc21,,,,,,,,,,1.0,,,1.0,,,,,,,,,
O=C1C[C@H](c2ccccc2)Oc2cc(O)cc(O)c21,,,,,,,,,,1.0,,,1.0,,,,,,,,,
O=C1c2ccc(O)cc2O[C@H](c2ccc(O)c(O)c2)[C@@H]1O,,,,,,,,,,1.0,,,1.0,,,,,,,,,
COc1cc([C@H]2Oc3cc([C@H]4Oc5cc(O)cc(O)c5C(=O)[C@H]4O)ccc3O[C@H]2CO)ccc1O,,,,,,,,,,1.0,,,1.0,,,,,,,,,
O=C1c2c(O)cc(O)cc2O[C@H](c2ccc(O)c(O)c2)[C@@H]1O,,,,,,,,,,1.0,,,1.0,,,,,,,,,
O=C(/C=C/c1ccccc1)c1ccccc1,,,,,,,,,,1.0,,,,,,,,,,,,
O=C(/C=C/c1ccc(O)c(O)c1)c1c(O)cc(O)cc1O,,,,,,,,,,1.0,,,1.0,,,,,,,,,
O=C(/C=C/c1ccccc1)c1ccc(O)cc1,,,,,,,,,,1.0,,,,,,,,,,,,
O=C(/C=C/c1ccc(O)cc1)c1ccc(O)cc1O,,,,,,,,,,1.0,,,1.0,,,,,,,,,
O=C(/C=C/c1ccccc1O)c1ccc(O)cc1O,,,,,,,,,,1.0,,,1.0,,,,,,,,,
O=C(/C=C/c1ccc(O)cc1)c1cc(O)ccc1O,,,,,,,,,,1.0,,,1.0,,,,,,,,,
O=C(CCc1ccc(O)cc1)c1c(O)cc(O)cc1O,,,,,,,,,,1.0,,,1.0,,,,,,,,,
Oc1cc(O)c2cc(O)c(-c3ccc(O)c(O)c3)[o+]c2c1,,,,,,,,,,1.0,,,1.0,,,,,,,,,
Oc1ccc(-c2[o+]c3cc(O)cc(O)c3cc2O)cc1,,,,,,,,,,1.0,,,1.0,,,,,,,,,
CC(=O)OC[C@H]1O[C@@H](Oc2cc(O)c3c(=O)c(-c4ccc(O)cc4)coc3c2)[C@@H](O)[C@@H](O)[C@H]1O,,,,,,,,,,0.0,,,1.0,,,,,,,,,
COc1ccc(-c2coc3cc(O)cc(O)c3c2=O)cc1,,,,,,,,,,1.0,,,1.0,,,,,,,,,
COc1ccc(-c2coc3cc(OC)ccc3c2=O)cc1,,,,,,,,,,1.0,,,0.0,,,,,,,,,
COc1ccc(-c2coc3cc(O)ccc3c2=O)cc1,,,,,,,,,,1.0,,,1.0,,,,,,,,,
COc1cc2c(=O)c(-c3ccc(O)cc3)coc2cc1O,,,,,,,,,,1.0,,,1.0,,,,,,,,,
COc1cc2c(=O)c(-c3ccc(O)cc3)coc2cc1O[C@H]1O[C@@H](CO)[C@@H](O)[C@@H](O)[C@H]1O,,,,,,,,,,0.0,,,1.0,,,,,,,,,
O=c1c(-c2ccccc2)coc2cc(O)ccc12,,,,,,,,,,1.0,,,1.0,,,,,,,,,
O=c1c(-c2ccccc2)coc2ccccc12,,,,,,,,,,1.0,,,0.0,,,,,,,,,
O=c1c(-c2ccc(O)cc2)coc2cc(O)c(O)cc12,,,,,,,,,,1.0,,,1.0,,,,,,,,,
O=c1c(-c2ccc(O)cc2)coc2c(O)c(O)ccc12,,,,,,,,,,1.0,,,1.0,,,,,,,,,
O=c1c(-c2ccc(O)c(O)c2)coc2cc(O)ccc12,,,,,,,,,,1.0,,,1.0,,,,,,,,,
Oc1ccc(/C=C/c2cc(O)cc(O)c2)cc1,1.0,0.0,0.0,0.0,0.0,0.0,0.0,0.0,0.0,1.0,0.0,0.0,1.0,0.0,0.0,0.0,0.0,0.0,0.0,0.0,0.0,0.0
O=C1/C(=C/c2ccc(O)c(O)c2)Oc2cc(O)ccc21,,,,,,,,,,1.0,,,1.0,,,,,,,,,
O=c1c2ccccc2oc2ccccc12,,,,,,,,,,1.0,,,1.0,,,,,,,,,
COc1ccc(O)cc1,0.0,0.0,0.0,0.0,0.0,0.0,0.0,0.0,0.0,1.0,0.0,0.0,0.0,0.0,0.0,0.0,0.0,0.0,0.0,0.0,0.0,0.0
C/C=C(\C)C(=O)O[C@@H]1C[C@H]2[C@H](CC=C3C[C@@H](O[C@@H]4C[C@H](OC)[C@H](O[C@@H]5C[C@H](OC)[C@H](O[C@H]6O[C@@H](C)[C@@H](O)[C@@H](OC)[C@H]6O)[C@H](C)O5)[C@H](C)O4)CC[C@]32C)[C@]2(O)CC[C@@H](C(C)=O)[C@]12C,,,,,1.0,,,,,1.0,,,,,,,,,,,,
C/C=C(\C)C(=O)O[C@@H]1C[C@H]2[C@H](CC=C3C[C@@H](O)CC[C@@]32C)[C@@]2(O)CC[C@@H](C(C)=O)[C@]12C,,,,,1.0,,,,,1.0,,,,,,,,,,,,
O=C(O)c1cccc2ccccc12,,,,,,,,,,1.0,,,,,,,,,,,,
O=Cc1cccc2cccc(C(=O)O)c12,,,,,,,,,,1.0,,,,,,,,,,,,
CC(C)(O)[C@H]1[C@H]2OC(=O)[C@@H]1[C@@]1(O)C[C@H]3O[C@]34C(=O)O[C@@H]2[C@@]41C,0.0,0.0,0.0,0.0,0.0,0.0,0.0,1.0,0.0,1.0,0.0,0.0,0.0,0.0,0.0,0.0,0.0,0.0,1.0,0.0,0.0,0.0
O=C(O)c1ccc2c(c1)OCO2,,,,,,,,,,1.0,,,,,,,,,,,,
C=C1[C@@H](O)CC/C(C)=C/[C@H]2OC(=O)[C@H](C)[C@H]2C[C@H]1OC(C)=O,,,,,,,,,,1.0,,,,,,,,,1.0,,,
COc1ccnc(C[S@+]([O-])c2nc3ccc(OC(F)F)cc3[nH]2)c1OC,,,,,,,,,,1.0,,,,,,,,,,,,
CCC1=C(C)CN(C(=O)NCCc2ccc(S(=O)(=O)NC(=O)N[C@H]3CC[C@@H](C)CC3)cc2)C1=O,,,,,,,,,,1.0,,,,,,,,,,,,
CCOC(=O)C[C@@H](SP(=S)(OC)OC)C(=O)OCC,,,,,,,,,,1.0,,,,,,,,,,,,
Cc1cccc(Nc2ccccc2C(=O)O)c1C,,,,,,,,,,1.0,,,,,,,,,,,,
Cc1cccn2c(=O)c(-c3nn[nH]n3)cnc12,,,,,,,,,,1.0,,,,,,,,,,,,
Clc1ccc(CO[C@H](Cn2ccnc2)c2ccc(Cl)cc2Cl)c(Cl)c1,,,,,,,,,,1.0,,,,,,,,,,,,
O=C(Oc1ccccc1C(=O)O)c1ccccc1O,,,,,,,,,,1.0,,,,,,,,,,,,
O=C(O)c1cccnc1Nc1cccc(C(F)(F)F)c1,,,,,,,,,,1.0,,,,,,,,,,,,
O=C(O)Cc1ccccc1Nc1c(Cl)cccc1Cl,,,,,,,,,,1.0,,,,,,,,,,,,
C=C1C(=O)O[C@@H]2/C=C(\C)CC/C=C(\C)CC[C@H]12,0.0,0.0,0.0,0.0,0.0,0.0,0.0,1.0,0.0,1.0,0.0,0.0,0.0,0.0,0.0,0.0,0.0,0.0,1.0,0.0,0.0,0.0
CC/C=C/C/C=C/C/C=C/C/C=C/C/C=C/C/C=C/CCC(=O)O,0.0,0.0,0.0,0.0,0.0,0.0,0.0,0.0,0.0,1.0,0.0,0.0,0.0,0.0,0.0,0.0,0.0,0.0,0.0,0.0,0.0,0.0
CCCCCC(=O)N[C@@H]1CCOC1=O,0.0,0.0,0.0,0.0,0.0,0.0,0.0,1.0,0.0,0.0,0.0,0.0,0.0,0.0,0.0,0.0,0.0,0.0,0.0,0.0,0.0,0.0
CCCCCC(=O)CC(=O)N[C@@H]1CCOC1=O,0.0,0.0,0.0,0.0,0.0,0.0,0.0,1.0,0.0,1.0,0.0,0.0,0.0,0.0,0.0,0.0,0.0,0.0,0.0,0.0,0.0,0.0
CC(=O)[C@@H]1CC[C@@H]2[C@H]3CCC4=CC(=O)CC[C@]4(C)[C@H]3CC[C@@]21C,0.0,0.0,0.0,0.0,0.0,0.0,0.0,0.0,0.0,0.0,0.0,0.0,0.0,0.0,0.0,0.0,0.0,0.0,1.0,0.0,0.0,0.0
O=C(O)c1ccccc1O,0.0,0.0,0.0,0.0,0.0,0.0,0.0,0.0,0.0,1.0,0.0,0.0,0.0,0.0,0.0,0.0,0.0,0.0,0.0,0.0,0.0,0.0
C1CCN2C[C@@H]3C[C@@H](CN4CCCC[C@@H]34)[C@@H]2C1,0.0,0.0,0.0,0.0,0.0,0.0,0.0,1.0,0.0,0.0,0.0,0.0,0.0,0.0,0.0,0.0,0.0,0.0,1.0,0.0,0.0,0.0
OC[C@H]1O[C@@H](O[C@@]2(CCl)O[C@@H](CCl)[C@@H](O)[C@H]2O)[C@@H](O)[C@@H](O)[C@@H]1Cl,1.0,0.0,1.0,1.0,1.0,1.0,0.0,1.0,0.0,0.0,0.0,0.0,1.0,0.0,1.0,0.0,0.0,1.0,1.0,0.0,0.0,0.0
CCCCCCCc1[nH]c2ccccc2c(=O)c1O,0.0,0.0,0.0,0.0,0.0,0.0,0.0,0.0,0.0,1.0,0.0,0.0,0.0,0.0,0.0,0.0,0.0,0.0,0.0,0.0,0.0,0.0
CCCc1c[nH]c(=S)[nH]c1=O,0.0,0.0,0.0,0.0,0.0,0.0,0.0,0.0,0.0,1.0,0.0,1.0,0.0,0.0,0.0,0.0,0.0,0.0,0.0,0.0,0.0,0.0
C[C@]12CC[C@H](O)C[C@@H]1CC[C@H]1[C@H]3CCC(=O)[C@@]3(C)CC[C@@H]12,0.0,0.0,0.0,0.0,0.0,0.0,0.0,0.0,0.0,1.0,0.0,0.0,0.0,0.0,0.0,0.0,0.0,0.0,1.0,0.0,0.0,0.0
CN1[C@@H]2CC[C@H]1C[C@@H](OC(=O)[C@H](CO)c1ccccc1)C2,0.0,0.0,0.0,0.0,0.0,0.0,0.0,1.0,0.0,0.0,0.0,0.0,0.0,0.0,0.0,0.0,0.0,0.0,1.0,0.0,0.0,0.0
CC(C)CCCCCCC/C=C/C(=O)O,0.0,0.0,0.0,0.0,0.0,0.0,0.0,0.0,0.0,0.0,0.0,0.0,0.0,0.0,0.0,0.0,0.0,0.0,1.0,0.0,0.0,0.0
CN1CC(=O)N=C1N,1.0,0.0,0.0,0.0,0.0,0.0,0.0,0.0,0.0,0.0,0.0,0.0,0.0,0.0,0.0,0.0,0.0,0.0,0.0,0.0,0.0,0.0
CC(C)(O)/C=C/C(=O)[C@@](C)(O)[C@H]1[C@@H](O)C[C@@]2(C)[C@H]3CC=C4[C@@H](C[C@H](O)C(=O)C4(C)C)[C@@]3(C)C(=O)C[C@@]12C,0.0,0.0,0.0,0.0,1.0,0.0,0.0,0.0,0.0,0.0,0.0,0.0,0.0,0.0,0.0,0.0,0.0,0.0,0.0,0.0,0.0,0.0
CC(C)(O)/C=C/C(=O)[C@@](C)(O)[C@H]1[C@@H](O)C[C@]2(C)[C@H]3CC=C4[C@H](C=C(O)C(=O)C4(C)C)[C@@]3(C)C(=O)C[C@]12C,0.0,0.0,0.0,0.0,0.0,0.0,0.0,1.0,0.0,0.0,0.0,0.0,0.0,0.0,0.0,0.0,0.0,0.0,1.0,0.0,0.0,0.0
CCN(CC)CC(=O)Nc1c(C)cccc1C,0.0,0.0,0.0,0.0,0.0,0.0,0.0,1.0,0.0,0.0,0.0,0.0,0.0,0.0,0.0,0.0,0.0,0.0,1.0,0.0,0.0,0.0
CC(C)(CO)[C@@H](O)C(=O)NCCC(=O)O,0.0,0.0,0.0,0.0,0.0,0.0,0.0,0.0,0.0,1.0,0.0,0.0,0.0,0.0,0.0,0.0,0.0,0.0,0.0,0.0,0.0,0.0
Oc1ccccc1O,0.0,0.0,0.0,0.0,0.0,0.0,0.0,0.0,0.0,1.0,0.0,0.0,0.0,1.0,0.0,0.0,1.0,1.0,0.0,0.0,0.0,0.0
C=C1C(=O)O[C@H]2/C=C(\C)[C@H](O)CC/C(C)=C/[C@H](O)[C@@H]12,1.0,0.0,0.0,0.0,0.0,0.0,0.0,0.0,0.0,1.0,0.0,0.0,1.0,0.0,0.0,0.0,0.0,0.0,0.0,0.0,0.0,0.0
C[C@H](CCC(=O)NCCS(=O)(=O)O)[C@@H]1CC[C@H]2[C@H]3[C@H](O)C[C@H]4C[C@@H](O)CC[C@@]4(C)[C@H]3C[C@@H](O)[C@]21C,0.0,0.0,0.0,0.0,0.0,0.0,0.0,1.0,0.0,1.0,0.0,0.0,0.0,0.0,0.0,0.0,0.0,0.0,1.0,0.0,0.0,0.0
C=C1CC[C@H]2C(=C)C(=O)O[C@@H]2/C=C(\C)CC[C@H]1OO,0.0,0.0,1.0,0.0,0.0,0.0,0.0,0.0,0.0,0.0,0.0,0.0,0.0,0.0,0.0,0.0,0.0,0.0,0.0,0.0,0.0,0.0
C=C1CC[C@H]2C(=C)C(=O)O[C@H]2[C@@H]2C(=C)[C@@H](O)C[C@H]12,,,,,,,,,,,,,,,,,,,1.0,,,
C/C1=C\[C@H](O)[C@H]2[C@H](C/C(C)=C/CC1)OC(=O)[C@@]2(C)O,,,,,,,,,,,,,,,,,,,1.0,,,
CC(=O)O[C@H]1C[C@H]2[C@H](/C=C(\C)CC/C=C/1C)OC(=O)[C@@H]2C,,,,,,,,,,,,,,,,,,,1.0,,,
C=C1[C@@H](OC(C)=O)C[C@H]2[C@@H](/C=C(\C)CC[C@H]1OC(C)=O)OC(=O)[C@@H]2C,,,,,,,,,,,,,,,,,,,1.0,,,
C=C1C(=O)O[C@H]2/C=C(\C)[C@@H](O)C/C=C(\C)C[C@@H](OC(=O)/C(C)=C\C)[C@H]12,,,,,,,,,,,,,,,,,,,1.0,,,
C=C1C(=O)O[C@H]2[C@H]1CC[C@@H](C)[C@]1(O)C=CC(=O)[C@@]21C,,,,,,,,,,,,,,,,,,,1.0,,,
C=C1C(=O)O[C@@H]2[C@H]3C(C)=CC[C@H](O)[C@@]3(C)CC[C@@H]12,,,,,,,,,,,,,,,,,,,1.0,,,
CC(=O)OC[C@H]1C/C=C(\C)[C@@H](OC(C)=O)C[C@@H]2[C@@H](/C=C/1C)OC(=O)[C@@H]2C,,,,,,,,,,,,,,,,,,,1.0,,,
C=C1C(=O)O[C@H]2C/C(C)=C/CC[C@@]3(C)O[C@H]3[C@@H](OC(C)=O)[C@H]12,,,,,,,,,,,,,,,,,,,1.0,,,
C=C1C(=O)O[C@H]2/C=C(\C)[C@@H](OC(C)=O)CC/C(C)=C\[C@@H](OC(C)=O)[C@H]12,,,,,,,,,,,,,,,,,,,1.0,,,
CC1=C2[C@H]3OC(=O)[C@H](C)[C@H]3CC[C@@]2(C)[C@H](O)CC1,,,,,,,,,,,,,,,,,,,1.0,,,
C=C1C(=O)O[C@H]2C[C@@](C)(CCCC(C)=O)C(=O)C[C@@H]12,,,,,,,,,,,,,,,,,,,1.0,,,
C=C1C(=O)O[C@H]2[C@@H]1CCC(=O)C[C@]1(C)CC[C@H](O)O[C@H]21,,,,,,,,,,,,,,,,,,,1.0,,,
C=C1C(=O)O[C@@H]2[C@@H]3C(=C)[C@H](OC(C)=O)C[C@@H]3C(=C)CC[C@H]12,,,,,,,,,,,,,,,,,,,1.0,,,
C[C@@H]1C[C@@H]2OC(=O)[C@@]3(C)CCC[C@](C)([C@@H]23)[C@@]1(O)CCc1ccoc1,,,,,,,,,,,,,,,,,,,1.0,,,
CC(=O)OC[C@]12[C@@H](O)C[C@@H](C)[C@]3(C[C@H](c4ccoc4)O[C@H]3O)[C@@H]1CCC(=O)[C@@]21CO1,,,,,,,,,,,,,,,,,,,1.0,,,
CC(=O)OCC1=C2[C@@H](O[C@H]3O[C@@H](CO)[C@@H](O)[C@@H](O)[C@H]3O)C[C@@H](C)[C@@]3(C[C@H](c4ccoc4)OC3=O)[C@H]2CCC1,,,,,,,,,,,,,,,,,,,1.0,,,
CC(=O)OC[C@]12[C@H](C[C@H](O)C[C@]13CO3)[C@@]1(C[C@H](c3ccoc3)OC1=O)[C@H](C)C[C@@H]2O,,,,,,,,,,,,,,,,,,,1.0,,,
O=C1C[C@H]2OCC=C3C[N@+]4([O-])CC[C@]56c7ccccc7N1[C@H]5[C@@H]2[C@H]3C[C@@H]64,,,,,,,,,,,,,,,,,,,1.0,,,
COc1c2ccoc2cc2oc(=O)ccc12,,,,,,,,,,,,,,,,,,,1.0,,,
COc1c2ccoc2c(OC)c2oc(=O)ccc12,,,,,,,,1.0,,0.0,,,,,,,,,,,0.0,
COc1ccc2c(OC)c3ccoc3nc2c1OC,,,,,,,,0.0,,1.0,,,,,,,,,,,0.0,
C=C1C[C@@]23CC[C@@H]4[C@@](C)(CCC[C@@]4(C)C(=O)O[C@H]4O[C@@H](CO)[C@@H](O)[C@@H](O)[C@H]4O)[C@H]2CC[C@]1(O[C@H]1O[C@@H](CO)[C@@H](O)[C@@H](O)[C@H]1O[C@H]1O[C@@H](CO)[C@@H](O)[C@@H](O)[C@H]1O)C3,,,1.0,,,,,,,1.0,,,,,,,,,,,,
C=C1C[C@@]23CC[C@@H]4[C@@](C)(CCC[C@@]4(C)C(=O)O[C@H]4O[C@@H](CO)[C@@H](O)[C@@H](O)[C@H]4O)[C@H]2CC[C@]1(O[C@H]1O[C@@H](CO)[C@@H](O)[C@@H](O[C@H]2O[C@@H](CO)[C@@H](O)[C@@H](O)[C@H]2O)[C@H]1O[C@H]1O[C@@H](CO)[C@@H](O)[C@@H](O)[C@H]1O)C3,,,1.0,,,,,,,1.0,,,,,,,,,,,,
C=C1C[C@]23CC[C@@H]4[C@@](C)(CCC[C@@]4(C)C(=O)O)[C@H]2CC[C@@]1(O[C@H]1O[C@@H](CO)[C@@H](O)[C@@H](O[C@H]2O[C@@H](CO)[C@@H](O)[C@@H](O)[C@H]2O)[C@H]1O[C@H]1O[C@@H](CO)[C@@H](O)[C@@H](O)[C@H]1O)C3,,,1.0,,,,,,,1.0,,,,,,,,,,,,
C=C1C[C@@]23CC[C@@H]4[C@@](C)(CCC[C@@]4(C)C(=O)O[C@H]4O[C@@H](CO)[C@@H](O)[C@@H](O)[C@H]4O)[C@H]2CC[C@]1(O[C@@H]1O[C@@H](CO)[C@@H](O)[C@@H](O[C@H]2O[C@@H](CO)[C@@H](O)[C@@H](O)[C@H]2O)[C@H]1O[C@@H]1O[C@H](C)[C@H](O)[C@H](O)[C@@H]1O)C3,,,1.0,,,,,,,1.0,,,,,,,,,,,,
C=C1C[C@@]23CC[C@@H]4[C@@](C)(CCC[C@@]4(C)C(=O)O)[C@H]2CC[C@]1(O[C@H]1O[C@@H](CO)[C@@H](O)[C@@H](O)[C@H]1O[C@H]1O[C@@H](CO)[C@@H](O)[C@@H](O)[C@H]1O)C3,,,1.0,,,,,,,0.0,,,,,,,,,,,,
C=C1C[C@@]23CC[C@@H]4[C@@](C)(CCC[C@@]4(C)C(=O)O[C@H]4O[C@@H](CO)[C@@H](O)[C@@H](O)[C@H]4O)[C@H]2CC[C@]1(O[C@@H]1O[C@@H](CO)[C@@H](O)[C@@H](O)[C@H]1O[C@@H]1O[C@H](C)[C@H](O)[C@H](O)[C@@H]1O)C3,,,1.0,,,,,,,1.0,,,,,,,,,,,,
C=C1C[C@@]23CC[C@@H]4[C@@](C)(CCC[C@@]4(C)C(=O)O[C@H]4O[C@@H](CO)[C@@H](O)[C@@H](O)[C@H]4O)[C@H]2CC[C@]1(O[C@H]1O[C@@H](CO)[C@@H](O)[C@@H](O)[C@H]1O)C3,,,1.0,,,,,,,1.0,,,,,,,,,,,,
O=C(OC[C@H]1O[C@@H](OC(=O)c2cc(O)c(O)c(O)c2)[C@@H](OC(=O)c2cc(O)c(O)c(O)c2)[C@@H](OC(=O)c2cc(O)c(O)c(O)c2)[C@H]1OC(=O)c1cc(O)c(O)c(O)c1)c1cc(O)c(O)c(O)c1,,,0.0,1.0,,,,,,,,,1.0,,,,,,,,,
Oc1cc(O)c2c(c1)O[C@H](c1ccc(O)c(O)c1)[C@@H](O)[C@@H]2c1c(O)cc(O)c2c1O[C@H](c1ccc(O)c(O)c1)[C@@H](O)[C@@H]2c1c(O)cc(O)c2c1O[C@H](c1ccc(O)c(O)c1)[C@@H](O)C2,,,0.0,1.0,0.0,,,,,,,,0.0,,,,,,,,,
COc1cc(-c2[o+]c3cc(O)cc(O)c3cc2O[C@H]2O[C@@H](CO)[C@@H](O)[C@@H](O)[C@H]2O)cc(OC)c1O,,,0.0,0.0,1.0,,,,,,,,0.0,,,,,,,,,
N[C@@H](Cc1c[nH]c2ccccc12)C(=O)N1CCC[C@@H]1C(=O)O,,,1.0,,,,,,,,,,,,,,,,,,,
N[C@H](Cc1c[nH]c2ccccc12)C(=O)N[C@H](Cc1c[nH]c2ccccc12)C(=O)N[C@H](Cc1c[nH]c2ccccc12)C(=O)O,1.0,,1.0,,,,,,,1.0,,,1.0,,,,,,1.0,,,
O=C1CCC[C@@H]2[C@H]3CCC[N@]4CCC[C@@H](CN12)[C@@H]34,0.0,0.0,0.0,0.0,0.0,0.0,0.0,0.0,0.0,0.0,0.0,0.0,0.0,0.0,0.0,0.0,0.0,0.0,1.0,0.0,0.0,0.0
O=c1ccc2cc(O[C@H]3O[C@@H](CO)[C@@H](O)[C@@H](O)[C@H]3O)c(O)cc2o1,,,,,,,,,,,1.0,,,,,,,,0.0,,,
OC[C@@H]1O[C@H](Oc2ccc3ccccc3c2)[C@H](O)[C@H](O)[C@@H]1O,,,,,,,,,,,1.0,,,,,,,,,,,
CO[C@H]1O[C@@H](CO)[C@@H](O)[C@@H](O)[C@H]1O,,,,,,,,,,,1.0,,,,,,,,,,,
O=[N+]([O-])c1ccccc1O[C@H]1O[C@@H](CO)[C@@H](O)[C@@H](O)[C@H]1O,,,,,,,,,,,1.0,,,,,,,,,,,
CCc1cccc(Nc2ccccc2C(=O)O)c1,,,,,,,,,,1.0,,,,,,,,,,,,
O=C(O)c1ccccc1Nc1cc(C(F)(F)F)cc(C(F)(F)F)c1,,,,,,,,,,1.0,,,,,,,,,,,,
O=C(O)c1ccccc1Nc1cccc(Nc2ccccc2)c1,,,,,,,,,,1.0,,,,,,,,,,,,
O=C(O)c1ccccc1Nc1cccc(OCc2ccccc2)c1,,,,,,,,,,1.0,,,,,,,,,,,,
O=C(O)c1cc(F)c(F)cc1Nc1cccc(OCc2ccccc2)c1,,,,,,,,,,1.0,,,,,,,,,,,,
O=C(O)c1ccccc1Nc1ccc2ccccc2c1,,,,,,,,,,1.0,,,,,,,,,,,,
CCc1cccc(Nc2ccccc2-c2nnn[nH]2)c1,,,,,,,,,,1.0,,,,,,,,,,,,
c1ccc(-c2nnn[nH]2)c(Nc2ccc3ccccc3c2)c1,,,,,,,,,,1.0,,,,,,,,,,,,
c1ccc(COc2cccc(Nc3ccccc3-c3nnn[nH]3)c2)cc1,,,,,,,,,,1.0,,,,,,,,,,,,
FC(F)(F)c1cccc(Nc2ccccc2-c2nnn[nH]2)c1,,,,,,,,,,1.0,,,,,,,,,,,,
FC(F)(F)c1cc(Nc2ccccc2-c2nnn[nH]2)cc(C(F)(F)F)c1,,,,,,,,,,1.0,,,,,,,,,,,,
CC(C)C1=CC(=O)[C@@](C)([C@@H]2[C@H](O)C[C@@]3(C)[C@@H]4CC=C5[C@@H](CC[C@@H](O[C@@H]6OC[C@@H](O)[C@@H](O)[C@H]6O[C@@H]6O[C@H](C)[C@H](O)[C@H](O)[C@@H]6O)C5(C)C)[C@]4(C)C(=O)C[C@]23C)O1,0.0,0.0,1.0,0.0,0.0,0.0,0.0,1.0,0.0,1.0,0.0,0.0,0.0,0.0,0.0,0.0,0.0,0.0,1.0,0.0,0.0,0.0
COc1cc(C(=O)O[C@@H]2[C@H]3C=CO[C@H](O[C@H]4O[C@@H](CO)[C@@H](O)[C@@H](O)[C@H]4O)[C@H]3[C@@]3(CO)O[C@@H]23)ccc1O,0.0,0.0,0.0,0.0,0.0,0.0,0.0,0.0,0.0,1.0,0.0,0.0,0.0,0.0,0.0,0.0,0.0,0.0,0.0,0.0,0.0,0.0
COc1cc2c(cc1OC)[C@@H](Cc1ccc(O)c(Oc3cc4c(cc3OC)CCN(C)[C@@H]4Cc3ccc(O)cc3)c1)N(C)CC2,0.0,0.0,0.0,0.0,0.0,0.0,0.0,1.0,0.0,0.0,0.0,0.0,0.0,0.0,0.0,0.0,0.0,0.0,1.0,0.0,0.0,0.0
CC1(C)OC(=O)C[C@@H](O)[C@]2(C)[C@H]3CC[C@@]4(C)[C@H](c5ccoc5)OC(=O)[C@H]5O[C@]54[C@]3(C)C(=O)C[C@@H]12,0.0,0.0,1.0,0.0,0.0,0.0,0.0,0.0,0.0,1.0,0.0,0.0,0.0,0.0,0.0,0.0,0.0,0.0,1.0,0.0,0.0,0.0
O=C(O)[C@H]1O[C@@H](Oc2cc3oc(-c4ccccc4)cc(=O)c3c(O)c2O)[C@H](O)[C@@H](O)[C@@H]1O,0.0,0.0,0.0,0.0,0.0,0.0,0.0,0.0,0.0,1.0,0.0,0.0,0.0,0.0,0.0,0.0,0.0,0.0,0.0,0.0,0.0,0.0
O=c1cc(-c2ccccc2)oc2cc(O)c(O)c(O)c12,0.0,0.0,0.0,0.0,0.0,0.0,0.0,0.0,0.0,1.0,0.0,0.0,0.0,0.0,0.0,0.0,0.0,0.0,0.0,0.0,0.0,0.0
COc1c(O[C@@H]2O[C@H](C(=O)O)[C@@H](O)[C@H](O)[C@H]2O)cc(O)c2c(=O)cc(-c3ccccc3)oc12,0.0,0.0,0.0,0.0,0.0,0.0,0.0,0.0,0.0,0.0,0.0,0.0,0.0,0.0,0.0,0.0,0.0,0.0,1.0,0.0,0.0,0.0
COc1c(O)cc(O)c2c(=O)cc(-c3ccccc3)oc12,0.0,0.0,0.0,0.0,0.0,0.0,0.0,0.0,0.0,1.0,0.0,0.0,0.0,0.0,1.0,0.0,0.0,0.0,1.0,0.0,0.0,0.0
COc1cc2c(cc1O)CC[n+]1cc3c(OC)c(OC)ccc3cc1-2,0.0,0.0,0.0,0.0,0.0,0.0,0.0,0.0,0.0,0.0,0.0,0.0,0.0,0.0,0.0,0.0,0.0,0.0,1.0,0.0,0.0,0.0
O=C1CCC[C@@H]2[C@H]3CCC[N@+]4([O-])CCC[C@@H](CN12)[C@@H]34,0.0,0.0,0.0,0.0,0.0,0.0,0.0,0.0,0.0,0.0,0.0,0.0,0.0,0.0,0.0,0.0,0.0,0.0,1.0,0.0,0.0,0.0
O=C(O[C@H]1Cc2c(O)cc(O)c([C@H]3c4c(O)cc(O)cc4O[C@H](c4ccc(O)c(O)c4)[C@@H]3O)c2O[C@@H]1c1ccc(O)c(O)c1)c1cc(O)c(O)c(O)c1,0.0,0.0,0.0,1.0,1.0,0.0,0.0,0.0,0.0,0.0,0.0,0.0,0.0,0.0,0.0,0.0,0.0,0.0,0.0,0.0,0.0,0.0
Oc1cc(O)c2c(c1)OC(c1ccc(O)c(O)c1)C(O)C2c1c(O)cc(O)c2c1OC(c1ccc(O)c(O)c1)C(O)C2,0.0,0.0,0.0,1.0,0.0,0.0,0.0,0.0,0.0,0.0,0.0,0.0,0.0,0.0,0.0,0.0,0.0,0.0,0.0,0.0,0.0,0.0
Oc1cc(O)c2c(c1)OC(c1ccc(O)c(O)c1)C(O)C2c1c(O)cc2c(c1O)CC(O)C(c1ccc(O)c(O)c1)O2,0.0,0.0,0.0,1.0,0.0,0.0,0.0,0.0,0.0,0.0,0.0,0.0,0.0,0.0,0.0,0.0,0.0,0.0,0.0,0.0,0.0,0.0
O=C(OC1C(c2ccc(O)c(O)c2)Oc2cc(O)cc(O)c2C1c1c(O)cc(O)c2c1OC(c1ccc(O)c(O)c1)C(O)C2)c1cc(O)c(O)c(O)c1,0.0,0.0,0.0,1.0,0.0,0.0,0.0,0.0,0.0,0.0,0.0,0.0,1.0,0.0,0.0,0.0,0.0,0.0,0.0,0.0,0.0,0.0
O=C1OCC2OC(=O)c3cc(O)c(O)c(O)c3-c3c(O)c(O)c(O)c4c3C(=O)OC(C2OC(=O)c2cc(O)c(O)c(O)c2-c2c1cc(O)c(O)c2O)C1OC(=O)c2c-4c(O)c(O)c(O)c2C1O,0.0,0.0,0.0,0.0,1.0,0.0,0.0,0.0,0.0,0.0,0.0,0.0,0.0,0.0,0.0,0.0,0.0,0.0,0.0,0.0,0.0,0.0
O=C1OCC2OC(=O)c3cc(O)c(O)c(O)c3-c3c(O)c(O)c(O)c4c3C(=O)OC(C2OC(=O)c2cc(O)c(O)c(O)c2-c2c1cc(O)c(O)c2O)C1OC(=O)c2c-4c(O)c(O)c(O)c2C1C1(O)OC(CO)C(O)C1O,0.0,0.0,0.0,0.0,1.0,0.0,0.0,0.0,0.0,0.0,0.0,0.0,0.0,0.0,0.0,0.0,0.0,0.0,0.0,0.0,0.0,0.0
O=C1OC2C(O)OC3COC(=O)c4cc(O)c(O)c(O)c4-c4c(O)c(O)c5oc(=O)c6c(c(O)c(O)c7oc(=O)c4c5c76)-c4c(cc(O)c(O)c4O)C(=O)OC3C2OC(=O)c2cc(O)c(O)c(O)c2-c2c1cc(O)c(O)c2O,0.0,0.0,0.0,1.0,1.0,0.0,0.0,0.0,0.0,0.0,0.0,0.0,0.0,0.0,0.0,0.0,0.0,0.0,0.0,0.0,0.0,0.0
CCOC(=O)/C=C/c1ccc(O)c(OC)c1,0.0,0.0,0.0,0.0,0.0,0.0,0.0,0.0,0.0,1.0,0.0,0.0,0.0,0.0,0.0,0.0,0.0,0.0,0.0,0.0,0.0,0.0
CCOC(=O)c1ccc(O)c(O)c1,0.0,0.0,0.0,0.0,0.0,0.0,0.0,0.0,0.0,1.0,0.0,0.0,0.0,0.0,0.0,0.0,0.0,0.0,0.0,1.0,0.0,0.0
CCOC(=O)c1ccc(O)c(OC)c1,0.0,0.0,0.0,0.0,0.0,0.0,0.0,0.0,0.0,1.0,0.0,0.0,0.0,0.0,0.0,0.0,0.0,0.0,0.0,0.0,0.0,0.0
CC12CC(=O)c3occc3C1CCC13CC(CC(OC4OC(CO)C(O)C(O)C4O)C12)C(O)(CO)C3,0.0,0.0,0.0,0.0,0.0,0.0,0.0,0.0,0.0,0.0,0.0,0.0,0.0,0.0,0.0,0.0,1.0,0.0,1.0,0.0,0.0,0.0
CC12CCc3occc3C1CCC13CC(CCC12)C(O)(CO)C3,0.0,0.0,0.0,0.0,0.0,0.0,0.0,0.0,0.0,0.0,0.0,0.0,0.0,0.0,0.0,0.0,1.0,0.0,1.0,0.0,0.0,0.0
CC12C=Cc3occc3C1CCC13CC(CCC12)C(O)(CO)C3,0.0,0.0,0.0,0.0,0.0,0.0,0.0,0.0,0.0,0.0,0.0,0.0,0.0,0.0,0.0,0.0,1.0,0.0,1.0,0.0,0.0,0.0
CC12CC(=O)C3=C(CCO3)C1CCC13CC4CC(OC4(CO)C1)C32,0.0,0.0,0.0,0.0,0.0,0.0,0.0,0.0,0.0,0.0,0.0,0.0,0.0,0.0,0.0,0.0,1.0,0.0,1.0,0.0,0.0,0.0
CC1OC(OC2C(OC3C(OC4CCC5(C)C(CCC6(C)C5CC=C5C7CC(C)(C)CC(O)C7(C)CCC56C)C4(C)CO)OC(C(=O)O)C(O)C3O)OC(CO)C(O)C2O)C(O)C(O)C1O,1.0,0.0,0.0,1.0,0.0,1.0,0.0,0.0,1.0,1.0,1.0,1.0,0.0,0.0,1.0,1.0,0.0,0.0,1.0,0.0,0.0,0.0
Nc1nc(N)c(OC2OC(CO)C(O)C(O)C2O)c(=O)[nH]1,0.0,0.0,0.0,0.0,0.0,0.0,0.0,0.0,0.0,0.0,1.0,0.0,0.0,0.0,0.0,0.0,0.0,0.0,0.0,0.0,0.0,0.0
CC(C)C1=CC(=O)C(C)(C2C(O)CC3(C)C4CC=C5C(CCC(OC6OCC(O)C(O)C6OC6OC(C)C(O)C(O)C6O)C5(C)C)C4(C)C(=O)CC23C)O1,0.0,0.0,1.0,0.0,0.0,0.0,0.0,1.0,0.0,1.0,0.0,0.0,0.0,0.0,0.0,0.0,0.0,0.0,1.0,0.0,0.0,0.0
COc1cc(C(=O)OC2C3C=COC(OC4OC(CO)C(O)C(O)C4O)C3C3(CO)OC23)ccc1O,0.0,0.0,0.0,0.0,0.0,0.0,0.0,0.0,0.0,1.0,0.0,0.0,0.0,0.0,0.0,0.0,0.0,0.0,0.0,0.0,0.0,0.0
COc1cc2c(cc1OC)C(Cc1ccc(O)c(Oc3cc4c(cc3OC)CCN(C)C4Cc3ccc(O)cc3)c1)N(C)CC2,0.0,0.0,0.0,0.0,0.0,0.0,0.0,1.0,0.0,0.0,0.0,0.0,0.0,0.0,0.0,0.0,0.0,0.0,1.0,0.0,0.0,0.0
CC1(C)OC(=O)CC(O)C2(C)C1CC(=O)C1(C)C2CCC2(C)C(c3ccoc3)OC(=O)C3OC321,0.0,0.0,1.0,0.0,0.0,0.0,0.0,0.0,0.0,1.0,0.0,0.0,0.0,0.0,0.0,0.0,0.0,0.0,1.0,0.0,0.0,0.0
C=C1CCC2C(C)(CO)C(O)CCC2(C)C1CC=C1C=COC1=O,0.0,0.0,0.0,0.0,0.0,0.0,0.0,0.0,0.0,0.0,0.0,0.0,0.0,0.0,0.0,0.0,0.0,0.0,1.0,0.0,0.0,1.0
O=C(O)C1OC(Oc2cc3oc(-c4ccccc4)cc(=O)c3c(O)c2O)C(O)C(O)C1O,0.0,0.0,0.0,0.0,0.0,0.0,0.0,0.0,0.0,1.0,0.0,0.0,0.0,0.0,0.0,0.0,0.0,0.0,0.0,0.0,0.0,0.0
COc1c(OC2OC(C(=O)O)C(O)C(O)C2O)cc(O)c2c(=O)cc(-c3ccccc3)oc12,0.0,0.0,0.0,0.0,0.0,0.0,0.0,0.0,0.0,0.0,0.0,0.0,0.0,0.0,0.0,0.0,0.0,0.0,1.0,0.0,0.0,0.0
O=C1CCCC2C3CCC[N+]4([O-])CCCC(CN12)C34,0.0,0.0,0.0,0.0,0.0,0.0,0.0,0.0,0.0,0.0,0.0,0.0,0.0,0.0,0.0,0.0,0.0,0.0,1.0,0.0,0.0,0.0
CC=C1C(O)OC=C(C(=O)OC)C1CC(=O)OCCc1ccc(O)cc1,1.0,0.0,0.0,0.0,0.0,1.0,0.0,0.0,0.0,1.0,0.0,0.0,0.0,0.0,0.0,0.0,0.0,0.0,0.0,0.0,0.0,0.0
C/C=C1/[C@H](O[C@@H]2O[C@H](CO)[C@@H](O)[C@H](O)[C@H]2O)OC=C(C(=O)OC)[C@H]1CC(=O)OCCc1ccc(O)c(O)c1,0.0,0.0,0.0,0.0,0.0,1.0,0.0,0.0,0.0,0.0,0.0,0.0,0.0,0.0,0.0,0.0,0.0,0.0,0.0,0.0,0.0,0.0
CC=C1C(O)OC=C(C(=O)OC)C1CC(=O)OCCc1ccc(O)c(O)c1,1.0,0.0,0.0,0.0,0.0,1.0,0.0,0.0,0.0,1.0,0.0,0.0,0.0,0.0,0.0,0.0,0.0,0.0,0.0,0.0,0.0,0.0
C/C=C(/C=O)[C@@](C)(CC(=O)O)CC(=O)OCCc1ccc(O)cc1,0.0,0.0,0.0,0.0,0.0,1.0,0.0,0.0,0.0,0.0,0.0,0.0,0.0,0.0,0.0,0.0,0.0,0.0,0.0,0.0,0.0,0.0
C/C=C(/C=O)[C@](C)(CC(=O)OCCc1ccc(O)c(O)c1)/C(C(=O)OC)=C(\C)OC,0.0,0.0,0.0,0.0,0.0,1.0,0.0,0.0,0.0,0.0,0.0,0.0,0.0,0.0,0.0,0.0,0.0,0.0,0.0,0.0,0.0,0.0
COC(=O)C1=CO[C@@H](C)[C@@H](C=O)[C@@H]1CC(=O)O,0.0,0.0,0.0,0.0,0.0,1.0,0.0,0.0,0.0,0.0,0.0,0.0,0.0,0.0,0.0,0.0,0.0,0.0,0.0,0.0,0.0,0.0
COc1cc(C=O)ccc1O,0.0,0.0,0.0,0.0,0.0,0.0,0.0,0.0,0.0,1.0,0.0,0.0,1.0,0.0,0.0,0.0,0.0,0.0,0.0,0.0,1.0,0.0
Cc1ncc(CO)c(CO)c1O,0.0,0.0,0.0,0.0,1.0,0.0,0.0,0.0,0.0,1.0,0.0,0.0,0.0,0.0,0.0,0.0,0.0,0.0,0.0,0.0,0.0,0.0
CC(C=CC1=C(C)CCCC1(C)C)=CC=CC(C)=CCO,0.0,0.0,0.0,0.0,0.0,0.0,0.0,0.0,0.0,0.0,0.0,1.0,0.0,0.0,0.0,0.0,0.0,0.0,0.0,0.0,0.0,0.0
C=C1CCC(O)CC1=CC=C1CCCC2(C)C1CCC2C(C)C=CC(C)C(C)C,0.0,0.0,0.0,0.0,0.0,0.0,0.0,1.0,0.0,0.0,0.0,0.0,0.0,0.0,0.0,0.0,0.0,0.0,0.0,0.0,0.0,0.0
CC1COc2c(N3CCN(C)CC3)c(F)cc3c(=O)c(C(=O)O)cn1c23,0.0,,1.0,,,,,,,1.0,,,,,,,,,,,1.0,
NCC1OC(OC2C(N)CC(N)C(OC3OC(CO)C(O)C(N)C3O)C2O)C(N)CC1O,0.0,,0.0,,,,,,,1.0,,,,,,,,,,,1.0,
CCC1OC(=O)C(C)C(OC2CC(C)(OC)C(O)C(C)O2)C(C)C(OC2OC(C)CC(N(C)C)C2O)C(C)(O)CC(C)CN(C)C(C)C(O)C1(C)O,0.0,,1.0,,,,,,,0.0,,,,,,,,,,,0.0,
